地区,抓取日期,公司名,车票名称,目录发售期间,详情页标题,相关信息,咨询,自由乘车区间,可利用设备,限制事项,价格,有效期间,详情发售期间,利用期间,发售处,其他详情字段,详情全文,详情页链接,详情页内链接,详情页图片链接,目录页链接,抓取错误
九州,2026-05-26,ＪＲ九州,旅名人の九州満喫きっぷ,発売中,旅名人の九州満喫きっぷ,ＪＲ九州,ＪＲ九州案内センター TEL：092-471-8111,旅名人の九州満喫きっぷ,九州新幹線特急・急行快速・普通 普通車指定普通車自由グリーンDXグリーングリーン個室普通車指定普通車自由ライナー指定自由南阿蘇鉄道トロッコ列車 ××××××△▲▲○× ○：乗車可 ▲：乗車券のみ有効 △：西日本鉄道のみ乗車可 ×：乗車不可 /,各社局の普通列車及び快速列車に乗車可。九州新幹線は乗車不可。ＪＲ九州の普通車指定席は、別途指定券を購入すれば乗車可。西日本鉄道は、特急、急行も乗車可。南阿蘇鉄道の「トロッコ列車」は乗車不可。肥薩線タクシー輸送(八代～人吉)は乗車不可。,"大人：12,000円 小人：12,000円",購入日より３ヶ月の任意の３日(回),通年,通年,ＪＲ九州の駅、旅行センター、ＪＲ九州旅行支店、九州内の主な旅行会社,,"旅名人の九州満喫きっぷ || 関連情報 | ＪＲ九州 || 問合わせ | ＪＲ九州案内センター TEL：092-471-8111 || フリー区間 | 旅名人の九州満喫きっぷ || 利用可能設備 | 九州新幹線特急・急行快速・普通 普通車指定普通車自由グリーンDXグリーングリーン個室普通車指定普通車自由ライナー指定自由南阿蘇鉄道トロッコ列車 ××××××△▲▲○× ○：乗車可 ▲：乗車券のみ有効 △：西日本鉄道のみ乗車可 ×：乗車不可 / || 制限事項 | 各社局の普通列車及び快速列車に乗車可。九州新幹線は乗車不可。ＪＲ九州の普通車指定席は、別途指定券を購入すれば乗車可。西日本鉄道は、特急、急行も乗車可。南阿蘇鉄道の「トロッコ列車」は乗車不可。肥薩線タクシー輸送(八代～人吉)は乗車不可。 || ねだん | 大人：12,000円 小人：12,000円 || 有効期間 | 購入日より３ヶ月の任意の３日(回) || 発売期間 | 通年 || 利用期間 | 通年 || 発売箇所 | ＪＲ九州の駅、旅行センター、ＪＲ九州旅行支店、九州内の主な旅行会社",https://www2s.biglobe.ne.jp/~t_aoyagi/railway/free/jrkyusyu01.htm,http://www.jrkyushu-kippu.jp/fare/ticket/96 | https://www2s.biglobe.ne.jp/~t_aoyagi/railway/free/jrkyusyu121.htm,https://www2s.biglobe.ne.jp/~t_aoyagi/railway/free/map/jrkyusyu03.gif,https://www2s.biglobe.ne.jp/~t_aoyagi/railway/free/kyusyu.htm,
九州,2026-05-26,ＪＲ九州,ぶらり大村線きっぷ,発売中,ぶらり大村線きっぷ,ＪＲ九州 九州MaaS my route,ＪＲ九州案内センター TEL：095-826-4336 / ＪＲ九州旅行長崎支店 TEL：095-822-4813,,西九州新幹線在来線特急・急行快速・普通 指定自由グリーン車指定自由グリーン指定グリーン自由ライナー指定自由 ▲▲▲▲▲－－▲▲○ ○：乗車可 △：制限事項あり ▲：乗車券のみ有効 / ×：乗車不可 －：設定なし /,,"大人：3,700円／小人：1,850円",２日間,通年,通年,"長崎,浦上,諫早,大村,新大村,ハウステンボス,早岐,佐世保,有田,武雄温泉,嬉野温泉 / my route",,"ぶらり大村線きっぷ || 関連情報 | ＪＲ九州 九州MaaS my route || 問合わせ | ＪＲ九州案内センター TEL：095-826-4336 / ＪＲ九州旅行長崎支店 TEL：095-822-4813 || フリー区間 || 利用可能設備 | 西九州新幹線在来線特急・急行快速・普通 指定自由グリーン車指定自由グリーン指定グリーン自由ライナー指定自由 ▲▲▲▲▲－－▲▲○ ○：乗車可 △：制限事項あり ▲：乗車券のみ有効 / ×：乗車不可 －：設定なし / || 制限事項 || ねだん | 大人：3,700円／小人：1,850円 || 有効期間 | ２日間 || 発売期間 | 通年 || 利用期間 | 通年 || 発売箇所 | 長崎,浦上,諫早,大村,新大村,ハウステンボス,早岐,佐世保,有田,武雄温泉,嬉野温泉 / my route",https://www2s.biglobe.ne.jp/~t_aoyagi/railway/free/jrkyusyu81.htm,https://kyushu-maas.jp/ticket/415 | https://top.myroute.fun/ticket/nagasaki#kujukuislands | https://www.burari-omura.com/#ticket | https://www.myroute.fun/,https://www2s.biglobe.ne.jp/~t_aoyagi/railway/free/map/jrkyusyu81.gif,https://www2s.biglobe.ne.jp/~t_aoyagi/railway/free/kyusyu.htm,
九州,2026-05-26,ＪＲ九州,ゆふいん1dayレール＆バスチケット,発売中,ゆふいん1dayレール＆バスチケット,ＪＲ九州 九州MaaS my route,,ゆふいん1dayレール＆バスチケット,九州新幹線特急・急行快速・普通 普通車指定普通車自由グリーンDXグリーングリーン個室普通車指定普通車自由ライナー指定自由 －－▲▲▲▲▲▲▲○ ○：乗車可 △：指定席料金券を購入すれば指定席への変更可 / ▲乗車券のみ有効 ×：乗車不可 －：設定なし /,特急自由席利用可(九州新幹線を除く),"大人：2,670円 小人：1,340円",１日間,通年,通年,my route,,"ゆふいん1dayレール＆バスチケット || 関連情報 | ＪＲ九州 九州MaaS my route || 問合わせ || フリー区間 | ゆふいん1dayレール＆バスチケット || 利用可能設備 | 九州新幹線特急・急行快速・普通 普通車指定普通車自由グリーンDXグリーングリーン個室普通車指定普通車自由ライナー指定自由 －－▲▲▲▲▲▲▲○ ○：乗車可 △：指定席料金券を購入すれば指定席への変更可 / ▲乗車券のみ有効 ×：乗車不可 －：設定なし / || 制限事項 | 特急自由席利用可(九州新幹線を除く) || ねだん | 大人：2,670円 小人：1,340円 || 有効期間 | １日間 || 発売期間 | 通年 || 利用期間 | 通年 || 発売箇所 | my route",https://www2s.biglobe.ne.jp/~t_aoyagi/railway/free/jrkyusyu08.htm,https://kyushu-maas.jp/ticket/381 | https://top.myroute.fun/ticket/oita#yuhuinnbeppu | https://www.jrkyushu.co.jp/maas/jrs_maas/,https://www2s.biglobe.ne.jp/~t_aoyagi/railway/free/map/jrkyusyu08.gif,https://www2s.biglobe.ne.jp/~t_aoyagi/railway/free/kyusyu.htm,
九州,2026-05-26,ＪＲ九州,ぐるっと九州きっぷ,発売中,ぐるっと九州きっぷ,ＪＲ九州,ＪＲ九州案内センター TEL：095-826-4336,,九州新幹線特急・急行快速・普通 グリーン普通車指定普通車自由グリーンDXグリーングリーン個室普通車指定普通車自由ライナーSL人吉指定自由 ▲▲▲▲▲▲▲▲▲▲▲○ ○：乗車可 △：回数制限あり ▲：乗車券のみ有効 ×：乗車不可 / 指定席は合計6回まで利用可能。,,"大人小人 窓口発売15,800円7,900円 インターネット / 列車予約発売14,300円7,150円",３日間,通年,通年,"ＪＲ九州の主な駅,旅行センター,JR九州旅行支店,九州内の主な旅行会社 / JR九州 ネット予約／列車予約サービス",,"ぐるっと九州きっぷ || 関連情報 | ＪＲ九州 || 問合わせ | ＪＲ九州案内センター TEL：095-826-4336 || フリー区間 || 利用可能設備 | 九州新幹線特急・急行快速・普通 グリーン普通車指定普通車自由グリーンDXグリーングリーン個室普通車指定普通車自由ライナーSL人吉指定自由 ▲▲▲▲▲▲▲▲▲▲▲○ ○：乗車可 △：回数制限あり ▲：乗車券のみ有効 ×：乗車不可 / 指定席は合計6回まで利用可能。 || 制限事項 || ねだん | 大人小人 窓口発売15,800円7,900円 インターネット / 列車予約発売14,300円7,150円 || 有効期間 | ３日間 || 発売期間 | 通年 || 利用期間 | 通年 || 発売箇所 | ＪＲ九州の主な駅,旅行センター,JR九州旅行支店,九州内の主な旅行会社 / JR九州 ネット予約／列車予約サービス",https://www2s.biglobe.ne.jp/~t_aoyagi/railway/free/jrkyusyu91.htm,http://www.jrkyushu-kippu.jp/fare/ticket/304 | https://train.yoyaku.jrkyushu.co.jp/jr/pc/consumer/special/TicketClassAction.do;jsidp1=ukgePeXzVnqX5cVdhu5uyOXgc-g0_eiV!838355859?code=GQ3,https://www2s.biglobe.ne.jp/~t_aoyagi/railway/free/map/jrkyusyu92.gif,https://www2s.biglobe.ne.jp/~t_aoyagi/railway/free/kyusyu.htm,
九州,2026-05-26,ＪＲ九州,JR＆宮交バス 日南1デーフリーパス,発売中,JR＆宮交バス / 日南1デーフリーパス,ＪＲ九州 九州MaaS my route,ＪＲ九州 TEL:,JR＆宮交バス 日南1デーフリーパス,九州新幹線特急・急行快速・普通 普通車指定普通車自由グリーンDXグリーングリーン個室普通車指定普通車自由ライナー指定自由 －－▲▲▲▲▲▲▲○ ○：乗車可 ▲：乗車券のみ有効 ×：乗車不可 /,,"大人：2,3000円 小人：1,150円",１日,発売中,発売中,my route,,"JR＆宮交バス / 日南1デーフリーパス || 関連情報 | ＪＲ九州 九州MaaS my route || 問合わせ | ＪＲ九州 TEL: || フリー区間 | JR＆宮交バス 日南1デーフリーパス || 利用可能設備 | 九州新幹線特急・急行快速・普通 普通車指定普通車自由グリーンDXグリーングリーン個室普通車指定普通車自由ライナー指定自由 －－▲▲▲▲▲▲▲○ ○：乗車可 ▲：乗車券のみ有効 ×：乗車不可 / || 制限事項 || ねだん | 大人：2,3000円 小人：1,150円 || 有効期間 | １日 || 発売期間 | 発売中 || 利用期間 | 発売中 || 発売箇所 | my route",https://www2s.biglobe.ne.jp/~t_aoyagi/railway/free/jrkyusyu61.htm,https://kyushu-maas.jp/ticket/459 | https://top.myroute.fun/ticket/miyazaki#nichinancity | https://www.jrkyushu.co.jp/maas/jrs_maas/,https://www2s.biglobe.ne.jp/~t_aoyagi/railway/free/map/jrkyusyu61.gif,https://www2s.biglobe.ne.jp/~t_aoyagi/railway/free/kyusyu.htm,
九州,2026-05-26,ＪＲ九州,みなみあそ旅のレールバス,発売中,みなみあそ旅のレールバス,南阿蘇鉄道 九州MasS 九州産交,南阿蘇鉄道・高森駅 TEL:0967-62-0058,みなみあそ旅のレールバス,,特急列車、トロッコ列車乗車の場合、別途料金が必要,"大人：2,000円",利用開始後24時間,発売中,発売中,my route,,"みなみあそ旅のレールバス || 関連情報 | 南阿蘇鉄道 九州MasS 九州産交 || 問合わせ | 南阿蘇鉄道・高森駅 TEL:0967-62-0058 || フリー区間 | みなみあそ旅のレールバス || 制限事項 | 特急列車、トロッコ列車乗車の場合、別途料金が必要 || ねだん | 大人：2,000円 || 有効期間 | 利用開始後24時間 || 発売期間 | 発売中 || 利用期間 | 発売中 || 発売箇所 | my route",https://www2s.biglobe.ne.jp/~t_aoyagi/railway/free/minamiaso11.htm,https://kyushu-maas.jp/ticket/283 | https://sankobus.artpro.co.jp/?utm_source=minamiasorail&utm_medium=Referral | https://top.myroute.fun/ticket/kumamoto#asoarea | https://www.mt-torokko.com/information/fare/,https://www2s.biglobe.ne.jp/~t_aoyagi/railway/free/map/minamiaso11.gif,https://www2s.biglobe.ne.jp/~t_aoyagi/railway/free/kyusyu.htm,
九州,2026-05-26,ＪＲ九州,あそ旅のレールバス,発売中,あそ旅のレールバス,南阿蘇鉄道 九州MasS 九州産交,南阿蘇鉄道・高森駅 TEL:0967-62-0058,あそ旅のレールバス,,特急列車、トロッコ列車乗車の場合、別途料金が必要,"大人：3,200円",利用開始後24時間,発売中,発売中,my route,,"あそ旅のレールバス || 関連情報 | 南阿蘇鉄道 九州MasS 九州産交 || 問合わせ | 南阿蘇鉄道・高森駅 TEL:0967-62-0058 || フリー区間 | あそ旅のレールバス || 制限事項 | 特急列車、トロッコ列車乗車の場合、別途料金が必要 || ねだん | 大人：3,200円 || 有効期間 | 利用開始後24時間 || 発売期間 | 発売中 || 利用期間 | 発売中 || 発売箇所 | my route",https://www2s.biglobe.ne.jp/~t_aoyagi/railway/free/minamiaso12.htm,https://kyushu-maas.jp/ticket/281 | https://sankobus.artpro.co.jp/?utm_source=minamiasorail&utm_medium=Referral | https://top.myroute.fun/ticket/kumamoto#asoarea | https://www.mt-torokko.com/information/fare/,https://www2s.biglobe.ne.jp/~t_aoyagi/railway/free/map/minamiaso12.gif,https://www2s.biglobe.ne.jp/~t_aoyagi/railway/free/kyusyu.htm,
九州,2026-05-26,ＪＲ九州,ハロー！自由時間ネットパス(全九州版),発売中,ハロー！自由時間ネットパス(全九州版),ＪＲ九州,ＪＲ九州,ハロー！自由時間ネットパス(全九州版),山陽新幹線九州/西九州新幹線特急・急行快速・普通 グリーン普通車指定普通車自由グリーンDXグリーングリーン個室普通車指定普通車自由ライナー指定自由 ×▲△○▲▲▲△○▲▲○ ○：乗車可 △：６回まで有効 ▲：料金券が必要 ■：乗車券のみ有効 ×：乗車不可 －：設定なし /,「ハロー！自由時間クラブ」会員限定(利用時は身分証明書の携帯必要)特急指定席利用可（6回まで),"22,800円",３日間,通年(利用開始日の前日まで),通年,ＪＲ九州インターネット予約限定,,"ハロー！自由時間ネットパス(全九州版) || 関連情報 | ＪＲ九州 || 問合わせ | ＪＲ九州 || フリー区間 | ハロー！自由時間ネットパス(全九州版) || 利用可能設備 | 山陽新幹線九州/西九州新幹線特急・急行快速・普通 グリーン普通車指定普通車自由グリーンDXグリーングリーン個室普通車指定普通車自由ライナー指定自由 ×▲△○▲▲▲△○▲▲○ ○：乗車可 △：６回まで有効 ▲：料金券が必要 ■：乗車券のみ有効 ×：乗車不可 －：設定なし / || 制限事項 | 「ハロー！自由時間クラブ」会員限定(利用時は身分証明書の携帯必要)特急指定席利用可（6回まで) || ねだん | 22,800円 || 有効期間 | ３日間 || 発売期間 | 通年(利用開始日の前日まで) || 利用期間 | 通年 || 発売箇所 | ＪＲ九州インターネット予約限定",https://www2s.biglobe.ne.jp/~t_aoyagi/railway/free/jrkyusyu801.htm,https://train.yoyaku.jrkyushu.co.jp/jr/pc/special/TicketClass?code=JNP | https://www.jrkyushu-kippu.jp/fare/ticket/358,https://www2s.biglobe.ne.jp/~t_aoyagi/railway/free/map/jrkyusyu92.gif,https://www2s.biglobe.ne.jp/~t_aoyagi/railway/free/kyusyu.htm,
九州,2026-05-26,ＪＲ九州,ハロー！自由時間ネットパス(北部九州版),発売中,ハロー！自由時間ネットパス(北部九州版),ＪＲ九州,ＪＲ九州,ハロー！自由時間ネットパス(北部九州版),山陽新幹線九州/西九州新幹線特急・急行快速・普通 グリーン普通車指定普通車自由グリーンDXグリーングリーン個室普通車指定普通車自由ライナー指定自由 ×▲△○▲▲▲△○▲▲○ ○：乗車可 △：６回まで有効 ▲：料金券が必要 ■：乗車券のみ有効 ×：乗車不可 －：設定なし /,「ハロー！自由時間クラブ」会員限定(利用時は身分証明書の携帯必要)特急指定席利用可（6回まで),"11,300円",３日間,通年(利用開始日の前日まで),通年,ＪＲ九州インターネット予約(要ログイン),,"ハロー！自由時間ネットパス(北部九州版) || 関連情報 | ＪＲ九州 || 問合わせ | ＪＲ九州 || フリー区間 | ハロー！自由時間ネットパス(北部九州版) || 利用可能設備 | 山陽新幹線九州/西九州新幹線特急・急行快速・普通 グリーン普通車指定普通車自由グリーンDXグリーングリーン個室普通車指定普通車自由ライナー指定自由 ×▲△○▲▲▲△○▲▲○ ○：乗車可 △：６回まで有効 ▲：料金券が必要 ■：乗車券のみ有効 ×：乗車不可 －：設定なし / || 制限事項 | 「ハロー！自由時間クラブ」会員限定(利用時は身分証明書の携帯必要)特急指定席利用可（6回まで) || ねだん | 11,300円 || 有効期間 | ３日間 || 発売期間 | 通年(利用開始日の前日まで) || 利用期間 | 通年 || 発売箇所 | ＪＲ九州インターネット予約(要ログイン)",https://www2s.biglobe.ne.jp/~t_aoyagi/railway/free/jrkyusyu791.htm,https://train.yoyaku.jrkyushu.co.jp/jr/pc/special/TicketClass?code=JNP | https://www.jrkyushu-kippu.jp/fare/ticket/358,https://www2s.biglobe.ne.jp/~t_aoyagi/railway/free/map/jrkyusyu85.gif,https://www2s.biglobe.ne.jp/~t_aoyagi/railway/free/kyusyu.htm,
九州,2026-05-26,ＪＲ九州,JQ CARDおでかけネットパス(全九州版),2025/9/1 / ～2027/3/29,JQ CARDおでかけネットパス(全九州版),ＪＲ九州,ＪＲ九州,JQ CARDおでかけネットパス(全九州版),山陽新幹線九州/西九州新幹線特急・急行快速・普通 グリーン普通車指定普通車自由グリーンDXグリーングリーン個室普通車指定普通車自由ライナー指定自由 ×▲△○▲▲▲△○▲▲○ ○：乗車可 △：６回まで有効 ▲：料金券が必要 ■：乗車券のみ有効 ×：乗車不可 －：設定なし /,JQ CARD決済限定,"22,800円",2日間,2025年9月1日～2026年3月29日 / 利用日前日までの発売,2025年10月1日～2026年3月31日,ＪＲ九州インターネット予約限定,,"JQ CARDおでかけネットパス(全九州版) || 関連情報 | ＪＲ九州 || 問合わせ | ＪＲ九州 || フリー区間 | JQ CARDおでかけネットパス(全九州版) || 利用可能設備 | 山陽新幹線九州/西九州新幹線特急・急行快速・普通 グリーン普通車指定普通車自由グリーンDXグリーングリーン個室普通車指定普通車自由ライナー指定自由 ×▲△○▲▲▲△○▲▲○ ○：乗車可 △：６回まで有効 ▲：料金券が必要 ■：乗車券のみ有効 ×：乗車不可 －：設定なし / || 制限事項 | JQ CARD決済限定 || ねだん | 22,800円 || 有効期間 | 2日間 || 発売期間 | 2025年9月1日～2026年3月29日 / 利用日前日までの発売 || 利用期間 | 2025年10月1日～2026年3月31日 || 発売箇所 | ＪＲ九州インターネット予約限定",https://www2s.biglobe.ne.jp/~t_aoyagi/railway/free/jrkyusyu124.htm,https://train.yoyaku.jrkyushu.co.jp/jr/pc/special/TicketClass?code=JOF | https://www.jrkyushu-kippu.jp/fare/ticket/445,https://www2s.biglobe.ne.jp/~t_aoyagi/railway/free/map/jrkyusyu92.gif,https://www2s.biglobe.ne.jp/~t_aoyagi/railway/free/kyusyu.htm,
九州,2026-05-26,ＪＲ九州,JQ CARDおでかけネットパス(北部九州版),2025/9/1 / ～2027/3/29,JQ CARDおでかけネットパス(北部九州版),ＪＲ九州,ＪＲ九州,JQ CARDおでかけネットパス(北部九州版),山陽新幹線九州/西九州新幹線特急・急行快速・普通 グリーン普通車指定普通車自由グリーンDXグリーングリーン個室普通車指定普通車自由ライナー指定自由 ×▲△○▲▲▲△○▲▲○ ○：乗車可 △：６回まで有効 ▲：料金券が必要 ■：乗車券のみ有効 ×：乗車不可 －：設定なし /,JQ CARD決済限定,"11,300円",２日間,2025年9月1日～2026年3月29日 / 利用日前日までの発売,2025年10月1日～2026年3月31日,ＪＲ九州インターネット予約(要ログイン),,"JQ CARDおでかけネットパス(北部九州版) || 関連情報 | ＪＲ九州 || 問合わせ | ＪＲ九州 || フリー区間 | JQ CARDおでかけネットパス(北部九州版) || 利用可能設備 | 山陽新幹線九州/西九州新幹線特急・急行快速・普通 グリーン普通車指定普通車自由グリーンDXグリーングリーン個室普通車指定普通車自由ライナー指定自由 ×▲△○▲▲▲△○▲▲○ ○：乗車可 △：６回まで有効 ▲：料金券が必要 ■：乗車券のみ有効 ×：乗車不可 －：設定なし / || 制限事項 | JQ CARD決済限定 || ねだん | 11,300円 || 有効期間 | ２日間 || 発売期間 | 2025年9月1日～2026年3月29日 / 利用日前日までの発売 || 利用期間 | 2025年10月1日～2026年3月31日 || 発売箇所 | ＪＲ九州インターネット予約(要ログイン)",https://www2s.biglobe.ne.jp/~t_aoyagi/railway/free/jrkyusyu123.htm,https://train.yoyaku.jrkyushu.co.jp/jr/pc/special/TicketClass?code=JOF | https://www.jrkyushu-kippu.jp/fare/ticket/445,https://www2s.biglobe.ne.jp/~t_aoyagi/railway/free/map/jrkyusyu85.gif,https://www2s.biglobe.ne.jp/~t_aoyagi/railway/free/kyusyu.htm,
九州,2026-05-26,ＪＲ九州,こどもぼうけんきっぷ,2026/2/14 / ～5/5,こどもぼうけんきっぷ,ＪＲ九州 「こどもぼうけんきっぷ」特設サイト,ＪＲ九州,こどもぼうけんきっぷ,山陽新幹線九州新幹線 / 西九州新幹線特急・急行快速・普通JR九州バス みずほグリーン普通車指定普通車自由グリーンDXグリーングリーン個室普通車指定普通車自由ライナー指定自由直方線BRTひこぼしライン嬉野線北薩線 ×■■■■■■■■■■■○○○○○ ○：乗車可 △：６回まで有効 ▲：料金券が必要 ■：乗車券のみ有効 ×：乗車不可 －：設定なし /,,小人：100円,１日間,2026年2月14日～2026年5月5日 / 2025年11月24日～2026年1月6日 / 2025年6月19日～2025年8月30日 /,2026年3月14日～2026年3月31日 / 2026年4月25日～2026年5月6日 / 2025年12月24日～2026年1月7日 / 2025年7月19日～2025年8月31日 /,JR九州のインターネット列車予約サイト / ＪＲ九州各駅の指定席券売機 / 利用日の前日までに購入,,こどもぼうけんきっぷ || 関連情報 | ＪＲ九州 「こどもぼうけんきっぷ」特設サイト || 問合わせ | ＪＲ九州 || フリー区間 | こどもぼうけんきっぷ || 利用可能設備 | 山陽新幹線九州新幹線 / 西九州新幹線特急・急行快速・普通JR九州バス みずほグリーン普通車指定普通車自由グリーンDXグリーングリーン個室普通車指定普通車自由ライナー指定自由直方線BRTひこぼしライン嬉野線北薩線 ×■■■■■■■■■■■○○○○○ ○：乗車可 △：６回まで有効 ▲：料金券が必要 ■：乗車券のみ有効 ×：乗車不可 －：設定なし / || 制限事項 || ねだん | 小人：100円 || 有効期間 | １日間 || 発売期間 | 2026年2月14日～2026年5月5日 / 2025年11月24日～2026年1月6日 / 2025年6月19日～2025年8月30日 / || 利用期間 | 2026年3月14日～2026年3月31日 / 2026年4月25日～2026年5月6日 / 2025年12月24日～2026年1月7日 / 2025年7月19日～2025年8月31日 / || 発売箇所 | JR九州のインターネット列車予約サイト / ＪＲ九州各駅の指定席券売機 / 利用日の前日までに購入,https://www2s.biglobe.ne.jp/~t_aoyagi/railway/free/jrkyusyu66.htm,https://train.yoyaku.jrkyushu.co.jp/jr/pc/Top | https://www.jrkyushu.co.jp/common/inc/news/newtopics/__icsFiles/afieldfile/2026/02/06/20260206_2026_Spring_Golden_Week_Childrens_Adventure_Ticket.pdf | https://www.jrkyushu.co.jp/railway/bouken/spring2026/,https://www2s.biglobe.ne.jp/~t_aoyagi/railway/free/map/jrkyusyu92.gif,https://www2s.biglobe.ne.jp/~t_aoyagi/railway/free/kyusyu.htm,
九州,2026-05-26,ＪＲ九州,みやざきマルっと1Dayフリーパス,終了,みやざきマルっと1Dayフリーパス,ＪＲ九州 九州MaaS my route,ＪＲ九州案内センター TEL：095-826-4336 /,みやざきマルっと1Dayフリーパス,山陽新幹線九州新幹線 / 西九州新幹線特急・急行快速・普通 グリーン普通車指定普通車自由グリーンDXグリーングリーン個室普通車指定普通車自由ライナー指定自由 －×××■■■■○■■○ ○：乗車可 ■：乗車券のみ有効 / ×：乗車不可 －：設定なし /,,大人：500円／小人：250円,2日間,2025年10月24日～2025年12月8日 / 2025年8月25日～2025年9月29日 / 2025年5月26日～2025年6月30日,2025年10月24日～2025年12月8日の土日月曜日 / 2025年9月1日～2025年9月29日の土日月曜日 / 2025年6月1日～2025年6月30日の土日月,「my route」 /,,みやざきマルっと1Dayフリーパス || 関連情報 | ＪＲ九州 九州MaaS my route || 問合わせ | ＪＲ九州案内センター TEL：095-826-4336 / || フリー区間 | みやざきマルっと1Dayフリーパス || 利用可能設備 | 山陽新幹線九州新幹線 / 西九州新幹線特急・急行快速・普通 グリーン普通車指定普通車自由グリーンDXグリーングリーン個室普通車指定普通車自由ライナー指定自由 －×××■■■■○■■○ ○：乗車可 ■：乗車券のみ有効 / ×：乗車不可 －：設定なし / || 制限事項 || ねだん | 大人：500円／小人：250円 || 有効期間 | 2日間 || 発売期間 | 2025年10月24日～2025年12月8日 / 2025年8月25日～2025年9月29日 / 2025年5月26日～2025年6月30日 || 利用期間 | 2025年10月24日～2025年12月8日の土日月曜日 / 2025年9月1日～2025年9月29日の土日月曜日 / 2025年6月1日～2025年6月30日の土日月 || 発売箇所 | 「my route」 /,https://www2s.biglobe.ne.jp/~t_aoyagi/railway/free/jrkyusyu118.htm,https://kyushu-maas.jp/ticket/1292 | https://top.myroute.fun/ticket/miyazaki | https://top.myroute.fun/ticket/miyazaki#miyazakicity | https://www.jrkyushu.co.jp/maas/jrs_maas/,https://www2s.biglobe.ne.jp/~t_aoyagi/railway/free/map/jrkyusyu118.gif,https://www2s.biglobe.ne.jp/~t_aoyagi/railway/free/kyusyu.htm,
九州,2026-05-26,ＪＲ九州,『GO NORI-HODAI』Tシャツきっぷ,終了,『GO NORI-HODAI』Tシャツきっぷ,ＪＲ九州,ＪＲ九州,『GO NORI-HODAI』Tシャツきっぷ,山陽新幹線九州新幹線 / 西九州新幹線特急・急行快速・普通 グリーン普通車指定普通車自由グリーンDXグリーングリーン個室普通車指定普通車自由ライナー指定自由 ×××○－－－－－－－－ ○：乗車可 ×：乗車不可 －：設定なし /,きっぷを着用もしくは手持ちの上有人改札口から乗降,"大人：3,000円 小人：1,500円 /",１日間,"WEB販売：2025年8月6日～2025年9月5日 / ファミリーマート,銘品蔵：2025年8月6日～2025年8月24日 / 当日：2025年9月6日",2025年9月6日,"WEB販売：ＪＲ九州トラベルデスク(STORES) / ファミリーマート,銘品蔵：ＪＲ九州 / 当日：武雄温泉,嬉野温泉,新大村,諫早,長崎(売切れの場合は販売無し)","{""発売枚数"": ""7,000枚 (大人：5,000枚/小人：2,000枚)""}","『GO NORI-HODAI』Tシャツきっぷ || 関連情報 | ＪＲ九州 || 問合わせ | ＪＲ九州 || フリー区間 | 『GO NORI-HODAI』Tシャツきっぷ || 利用可能設備 | 山陽新幹線九州新幹線 / 西九州新幹線特急・急行快速・普通 グリーン普通車指定普通車自由グリーンDXグリーングリーン個室普通車指定普通車自由ライナー指定自由 ×××○－－－－－－－－ ○：乗車可 ×：乗車不可 －：設定なし / || 制限事項 | きっぷを着用もしくは手持ちの上有人改札口から乗降 || ねだん | 大人：3,000円 小人：1,500円 / || 有効期間 | １日間 || 発売期間 | WEB販売：2025年8月6日～2025年9月5日 / ファミリーマート,銘品蔵：2025年8月6日～2025年8月24日 / 当日：2025年9月6日 || 利用期間 | 2025年9月6日 || 発売箇所 | WEB販売：ＪＲ九州トラベルデスク(STORES) / ファミリーマート,銘品蔵：ＪＲ九州 / 当日：武雄温泉,嬉野温泉,新大村,諫早,長崎(売切れの場合は販売無し) || 発売枚数 | 7,000枚 (大人：5,000枚/小人：2,000枚)",https://www2s.biglobe.ne.jp/~t_aoyagi/railway/free/jrkyusyu111.htm,https://widgets.bokun.io/online-sales/9f45d152-5771-4466-8821-9a964830296c/experience/1035967 | https://www.jrkyushu.co.jp/train/gowest/#norihodai,https://www2s.biglobe.ne.jp/~t_aoyagi/railway/free/map/jrkyusyu111.gif,https://www2s.biglobe.ne.jp/~t_aoyagi/railway/free/kyusyu.htm,
九州,2026-05-26,ＪＲ九州,ぶらり大村線・松浦鉄道きっぷ,終了,ぶらり大村線・松浦鉄道きっぷ,ＪＲ九州,ＪＲ九州案内センター TEL：095-826-4336 /,,西九州新幹線在来線特急・急行快速・普通 指定自由グリーン車指定自由グリーン指定グリーン自由ライナー指定自由 ▲▲▲▲▲－－▲▲○ ○：乗車可 △：制限事項あり ▲：乗車券のみ有効 / ×：乗車不可 －：設定なし /,,"大人：4,400円／小人：1,820円",２日間 / 松浦鉄道は1日,2023年9月23日～2024年2月28日,2023年9月23日～2024年2月29日,「JR 九州インターネット列車予約」 /,,"ぶらり大村線・松浦鉄道きっぷ || 関連情報 | ＪＲ九州 || 問合わせ | ＪＲ九州案内センター TEL：095-826-4336 / || フリー区間 || 利用可能設備 | 西九州新幹線在来線特急・急行快速・普通 指定自由グリーン車指定自由グリーン指定グリーン自由ライナー指定自由 ▲▲▲▲▲－－▲▲○ ○：乗車可 △：制限事項あり ▲：乗車券のみ有効 / ×：乗車不可 －：設定なし / || 制限事項 || ねだん | 大人：4,400円／小人：1,820円 || 有効期間 | ２日間 / 松浦鉄道は1日 || 発売期間 | 2023年9月23日～2024年2月28日 || 利用期間 | 2023年9月23日～2024年2月29日 || 発売箇所 | 「JR 九州インターネット列車予約」 /",https://www2s.biglobe.ne.jp/~t_aoyagi/railway/free/jrkyusyu112.htm,http://www.jrkyushu-kippu.jp/fare/ticket/351 | https://train.yoyaku.jrkyushu.co.jp/jr/pc/special/TicketClass?code=BOM,https://www2s.biglobe.ne.jp/~t_aoyagi/railway/free/map/jrkyusyu112.gif,https://www2s.biglobe.ne.jp/~t_aoyagi/railway/free/kyusyu.htm,
九州,2026-05-26,ＪＲ九州,肥薩線～指宿枕崎線1日乗り放題きっぷ,終了,肥薩線～指宿枕崎線 / 1日乗り放題きっぷ,ＪＲ九州,ＪＲ九州案内センター TEL：095-826-4336 /,肥薩線～指宿枕崎線1日乗り放題きっぷ,山陽新幹線九州新幹線 / 西九州新幹線特急・急行快速・普通 グリーン普通車指定普通車自由グリーンDXグリーングリーン個室普通車指定普通車自由ライナー指定自由 ××××■■■■■■■○ ○：乗車可 ■：乗車券のみ有効 ×：乗車不可 －：設定なし /,,"大人：1,000円／小人：500円",１日間,2025年7月18日～2025年10月31日,2025年7月18日～2025年10月31日,「my route」 /,"{""発売枚数"": ""大人：1,000枚 小人：300枚""}","肥薩線～指宿枕崎線 / 1日乗り放題きっぷ || 関連情報 | ＪＲ九州 || 問合わせ | ＪＲ九州案内センター TEL：095-826-4336 / || フリー区間 | 肥薩線～指宿枕崎線1日乗り放題きっぷ || 利用可能設備 | 山陽新幹線九州新幹線 / 西九州新幹線特急・急行快速・普通 グリーン普通車指定普通車自由グリーンDXグリーングリーン個室普通車指定普通車自由ライナー指定自由 ××××■■■■■■■○ ○：乗車可 ■：乗車券のみ有効 ×：乗車不可 －：設定なし / || 制限事項 || ねだん | 大人：1,000円／小人：500円 || 有効期間 | １日間 || 発売期間 | 2025年7月18日～2025年10月31日 || 利用期間 | 2025年7月18日～2025年10月31日 || 発売箇所 | 「my route」 / || 発売枚数 | 大人：1,000枚 小人：300枚 || 備考",https://www2s.biglobe.ne.jp/~t_aoyagi/railway/free/jrkyusyu113.htm,https://kyushu-maas.jp/ticket/755 | https://top.myroute.fun/ticket/kagoshima,https://www2s.biglobe.ne.jp/~t_aoyagi/railway/free/map/jrkyusyu113.gif,https://www2s.biglobe.ne.jp/~t_aoyagi/railway/free/kyusyu.htm,
九州,2026-05-26,ＪＲ九州,ひなたフェスみやざき記念きっぷ,終了,ひなたフェスみやざき記念きっぷ,ＪＲ九州,,ひなたフェスみやざき記念きっぷ,山陽新幹線九州新幹線 / 西九州新幹線特急・急行快速・普通 グリーン普通車指定普通車自由グリーンDXグリーングリーン個室普通車指定普通車自由ライナー指定自由 ××××■■■■■■■○ ○：乗車可 ■：乗車券のみ有効 ×：乗車不可 －：設定なし /,,"大人：3,100円／小人：2,000円",2日間,2024年8月1日～2024年8月20日,2024年9月7日～2024年9月8日,「ＪＲ九州お買い物マーケット」 /,,"ひなたフェスみやざき記念きっぷ || 関連情報 | ＪＲ九州 || 問合わせ || フリー区間 | ひなたフェスみやざき記念きっぷ || 利用可能設備 | 山陽新幹線九州新幹線 / 西九州新幹線特急・急行快速・普通 グリーン普通車指定普通車自由グリーンDXグリーングリーン個室普通車指定普通車自由ライナー指定自由 ××××■■■■■■■○ ○：乗車可 ■：乗車券のみ有効 ×：乗車不可 －：設定なし / || 制限事項 || ねだん | 大人：3,100円／小人：2,000円 || 有効期間 | 2日間 || 発売期間 | 2024年8月1日～2024年8月20日 || 利用期間 | 2024年9月7日～2024年9月8日 || 発売箇所 | 「ＪＲ九州お買い物マーケット」 /",https://www2s.biglobe.ne.jp/~t_aoyagi/railway/free/jrkyusyu114.htm,https://www.jrk-kyushutabi.shop/ | https://www.jrkyushu.co.jp/news/__icsFiles/afieldfile/2024/07/29/20240729_Hinatazaka_46_Hyuga_City_JR_Kyushu_We_are_starting_the_Miyazaki_bustling_project.pdf,https://www2s.biglobe.ne.jp/~t_aoyagi/railway/free/map/jrkyusyu114.gif,https://www2s.biglobe.ne.jp/~t_aoyagi/railway/free/kyusyu.htm,
九州,2026-05-26,ＪＲ九州,南九州 DE 超回復！きっぷ,終了,南九州 DE 超回復！きっぷ,ＪＲ九州 九州MasS,,南九州 DE 超回復！きっぷ,山陽新幹線九州新幹線 / 西九州新幹線特急・急行快速・普通 グリーン普通車指定普通車自由グリーンDXグリーングリーン個室普通車指定普通車自由ライナー指定自由 インターネット列車予約×■△○■■■△○■△○ my route×■△○■■■■○■△○ ○：乗車可 ■：乗車券のみ有効 △：合計で３回まで / ×：乗車不可 －：設定なし /,,"大人小人 インターネット列車予約15,000円6,000円 my route14,500円－",3日間,インターネット列車予約2024年9月1日～2025年3月22日 my route2024年10月1日～2025年3月29日,2024年9月1日～2025年3月31日,「ＪＲ九州ネット予約」 / my route,,"南九州 DE 超回復！きっぷ || 関連情報 | ＪＲ九州 九州MasS || 問合わせ || フリー区間 | 南九州 DE 超回復！きっぷ || 利用可能設備 | 山陽新幹線九州新幹線 / 西九州新幹線特急・急行快速・普通 グリーン普通車指定普通車自由グリーンDXグリーングリーン個室普通車指定普通車自由ライナー指定自由 インターネット列車予約×■△○■■■△○■△○ my route×■△○■■■■○■△○ ○：乗車可 ■：乗車券のみ有効 △：合計で３回まで / ×：乗車不可 －：設定なし / || 制限事項 || ねだん | 大人小人 インターネット列車予約15,000円6,000円 my route14,500円－ || 有効期間 | 3日間 || 発売期間 | インターネット列車予約2024年9月1日～2025年3月22日 my route2024年10月1日～2025年3月29日 || 利用期間 | 2024年9月1日～2025年3月31日 || 発売箇所 | 「ＪＲ九州ネット予約」 / my route",https://www2s.biglobe.ne.jp/~t_aoyagi/railway/free/jrkyusyu115.htm,https://kyushu-maas.jp/ticket/882 | https://top.myroute.fun/ | https://train.yoyaku.jrkyushu.co.jp/jr/pc/special/TicketClass?code=MDF | https://www.jrkyushu-kippu.jp/fare/ticket/370,https://www2s.biglobe.ne.jp/~t_aoyagi/railway/free/map/jrkyusyu115.gif,https://www2s.biglobe.ne.jp/~t_aoyagi/railway/free/kyusyu.htm,
九州,2026-05-26,ＪＲ九州,ぐるっと九州御朱印めぐりきっぷ,2026/2/20 / ～10/29,ぐるっと九州御朱印めぐりきっぷ,ＪＲ九州 ＪＲ九州,ＪＲ九州案内センター TEL：050-3786-1717,ぐるっと九州御朱印めぐりきっぷ,九州新幹線特急・急行快速・普通 普通車指定普通車自由グリーンDXグリーングリーン個室普通車指定普通車自由ライナー指定自由 ▲▲▲▲▲▲▲▲▲○ ○：乗車可 ▲：乗車券のみ有効 ×：乗車不可 /,,"大人：14,300円 /",３日間,2026年2月20日～2026年10月29日,2026年2月20日～2026年10月31日,「JR九州インターネット列車予約」(要ログイン)),,"ぐるっと九州御朱印めぐりきっぷ || 関連情報 | ＪＲ九州 ＪＲ九州 || 問合わせ | ＪＲ九州案内センター TEL：050-3786-1717 || フリー区間 | ぐるっと九州御朱印めぐりきっぷ || 利用可能設備 | 九州新幹線特急・急行快速・普通 普通車指定普通車自由グリーンDXグリーングリーン個室普通車指定普通車自由ライナー指定自由 ▲▲▲▲▲▲▲▲▲○ ○：乗車可 ▲：乗車券のみ有効 ×：乗車不可 / || 制限事項 || ねだん | 大人：14,300円 / || 有効期間 | ３日間 || 発売期間 | 2026年2月20日～2026年10月29日 || 利用期間 | 2026年2月20日～2026年10月31日 || 発売箇所 | 「JR九州インターネット列車予約」(要ログイン))",https://www2s.biglobe.ne.jp/~t_aoyagi/railway/free/jrkyusyu51.htm,https://train.yoyaku.jrkyushu.co.jp/jr/pc/special/TicketClass?code=GGM | https://www.jrkyushu-kippu.jp/fare/ticket/458 | https://www.jrkyushu.co.jp/train/tokubetsu-gosyuin-meguri/#sec02,https://www2s.biglobe.ne.jp/~t_aoyagi/railway/free/map/jrkyusyu92.gif,https://www2s.biglobe.ne.jp/~t_aoyagi/railway/free/kyusyu.htm,
九州,2026-05-26,ＪＲ九州,いちにち九州御朱印めぐりきっぷ,2026/2/20 / ～10/31,いちにち九州御朱印めぐりきっぷ,ＪＲ九州 ＪＲ九州,ＪＲ九州案内センター TEL：050-3786-1717,いちにち九州御朱印めぐりきっぷ,九州新幹線特急・急行快速・普通 普通車指定普通車自由グリーンDXグリーングリーン個室普通車指定普通車自由ライナー指定自由 ▲▲▲▲▲▲▲▲▲○ ○：乗車可 ▲：乗車券のみ有効 ×：乗車不可 /,,"大人：3,900円 /",１日間,2026年2月20日～2026年10月31日,2026年2月20日～2026年10月31日,「JR九州インターネット列車予約」(要ログイン)),,"いちにち九州御朱印めぐりきっぷ || 関連情報 | ＪＲ九州 ＪＲ九州 || 問合わせ | ＪＲ九州案内センター TEL：050-3786-1717 || フリー区間 | いちにち九州御朱印めぐりきっぷ || 利用可能設備 | 九州新幹線特急・急行快速・普通 普通車指定普通車自由グリーンDXグリーングリーン個室普通車指定普通車自由ライナー指定自由 ▲▲▲▲▲▲▲▲▲○ ○：乗車可 ▲：乗車券のみ有効 ×：乗車不可 / || 制限事項 || ねだん | 大人：3,900円 / || 有効期間 | １日間 || 発売期間 | 2026年2月20日～2026年10月31日 || 利用期間 | 2026年2月20日～2026年10月31日 || 発売箇所 | 「JR九州インターネット列車予約」(要ログイン))",https://www2s.biglobe.ne.jp/~t_aoyagi/railway/free/jrkyusyu52.htm,https://train.yoyaku.jrkyushu.co.jp/jr/pc/special/TicketClass?code=DGM | https://www.jrkyushu-kippu.jp/fare/ticket/457 | https://www.jrkyushu.co.jp/train/tokubetsu-gosyuin-meguri/#sec02,https://www2s.biglobe.ne.jp/~t_aoyagi/railway/free/map/jrkyusyu92.gif,https://www2s.biglobe.ne.jp/~t_aoyagi/railway/free/kyusyu.htm,
九州,2026-05-26,ＪＲ九州,旅名人の九州満喫寺社めぐりきっぷ,終了,旅名人の九州満喫寺社めぐりきっぷ,ＪＲ九州 ＪＲ九州,ＪＲ九州案内センター TEL：092-471-8111,旅名人の九州満喫寺社めぐりきっぷ,九州新幹線特急・急行快速・普通 普通車指定普通車自由グリーンDXグリーングリーン個室普通車指定普通車自由ライナー指定自由南阿蘇鉄道トロッコ列車 ××××××△▲▲○× ○：乗車可 ▲：乗車券のみ有効 △：西日本鉄道のみ乗車可 ×：乗車不可 /,各社局の普通列車及び快速列車に乗車可。九州新幹線は乗車不可。ＪＲ九州の普通車指定席は、別途指定券を購入すれば乗車可。西日本鉄道は、特急、急行も乗車可。南阿蘇鉄道の「トロッコ列車」は乗車不可。肥薩線タクシー輸送(八代～人吉)は乗車不可。,"大人：12,000円",購入日より３ヶ月の任意の３日(回),2025年4月1日～2025年10月31日,2025年4月1日～2025年10月31日,ＪＲ九州の駅,,"旅名人の九州満喫寺社めぐりきっぷ || 関連情報 | ＪＲ九州 ＪＲ九州 || 問合わせ | ＪＲ九州案内センター TEL：092-471-8111 || フリー区間 | 旅名人の九州満喫寺社めぐりきっぷ || 利用可能設備 | 九州新幹線特急・急行快速・普通 普通車指定普通車自由グリーンDXグリーングリーン個室普通車指定普通車自由ライナー指定自由南阿蘇鉄道トロッコ列車 ××××××△▲▲○× ○：乗車可 ▲：乗車券のみ有効 △：西日本鉄道のみ乗車可 ×：乗車不可 / || 制限事項 | 各社局の普通列車及び快速列車に乗車可。九州新幹線は乗車不可。ＪＲ九州の普通車指定席は、別途指定券を購入すれば乗車可。西日本鉄道は、特急、急行も乗車可。南阿蘇鉄道の「トロッコ列車」は乗車不可。肥薩線タクシー輸送(八代～人吉)は乗車不可。 || ねだん | 大人：12,000円 || 有効期間 | 購入日より３ヶ月の任意の３日(回) || 発売期間 | 2025年4月1日～2025年10月31日 || 利用期間 | 2025年4月1日～2025年10月31日 || 発売箇所 | ＪＲ九州の駅",https://www2s.biglobe.ne.jp/~t_aoyagi/railway/free/jrkyusyu121.htm,https://www.jrkyushu-kippu.jp/fare/ticket/426 | https://www.jrkyushu.co.jp/train/jisha-meguri/#box02 | https://www2s.biglobe.ne.jp/~t_aoyagi/railway/free/jrkyusyu01.htm,https://www2s.biglobe.ne.jp/~t_aoyagi/railway/free/map/jrkyusyu03.gif,https://www2s.biglobe.ne.jp/~t_aoyagi/railway/free/kyusyu.htm,
九州,2026-05-26,ＪＲ九州,福岡エリア 九州寺社めぐりきっぷ,終了,福岡エリア 九州寺社めぐりきっぷ,ＪＲ九州,ＪＲ九州案内センター TEL：095-826-4336 / ＪＲ九州旅行長崎支店 TEL：095-822-4813,福岡エリア 九州寺社めぐりきっぷ,九州新幹線在来線特急・急行快速・普通 指定自由グリーン車指定自由グリーン指定グリーン自由ライナー指定自由 －－▲▲▲－－▲▲○ ○：乗車可 △：制限事項あり ▲：乗車券のみ有効 / ×：乗車不可 －：設定なし /,,"大人：3,500円／小人：3,500円",１日間,2025年4月25日～2025年10月31日,2025年6月13日～2025年10月31日,「JR九州インターネット予約」,,"福岡エリア 九州寺社めぐりきっぷ || 関連情報 | ＪＲ九州 || 問合わせ | ＪＲ九州案内センター TEL：095-826-4336 / ＪＲ九州旅行長崎支店 TEL：095-822-4813 || フリー区間 | 福岡エリア 九州寺社めぐりきっぷ || 利用可能設備 | 九州新幹線在来線特急・急行快速・普通 指定自由グリーン車指定自由グリーン指定グリーン自由ライナー指定自由 －－▲▲▲－－▲▲○ ○：乗車可 △：制限事項あり ▲：乗車券のみ有効 / ×：乗車不可 －：設定なし / || 制限事項 || ねだん | 大人：3,500円／小人：3,500円 || 有効期間 | １日間 || 発売期間 | 2025年4月25日～2025年10月31日 || 利用期間 | 2025年6月13日～2025年10月31日 || 発売箇所 | 「JR九州インターネット予約」",https://www2s.biglobe.ne.jp/~t_aoyagi/railway/free/jrkyusyu120.htm,https://train.yoyaku.jrkyushu.co.jp/jr/pc/special/TicketClass?code=FGF | https://www.jrkyushu.co.jp/train/jisha-meguri/#box03,https://www2s.biglobe.ne.jp/~t_aoyagi/railway/free/map/jrkyusyu120.gif,https://www2s.biglobe.ne.jp/~t_aoyagi/railway/free/kyusyu.htm,
九州,2026-05-26,ＪＲ九州,ぶらり大村線 寺社めぐりきっぷ,終了,ぶらり大村線 寺社めぐりきっぷ,ＪＲ九州,ＪＲ九州案内センター TEL：095-826-4336 / ＪＲ九州旅行長崎支店 TEL：095-822-4813,ぶらり大村線 寺社めぐりきっぷ,西九州新幹線在来線特急・急行快速・普通 指定自由グリーン車指定自由グリーン指定グリーン自由ライナー指定自由 ▲▲▲▲▲－－▲▲○ ○：乗車可 △：制限事項あり ▲：乗車券のみ有効 / ×：乗車不可 －：設定なし /,,"大人：3,700円／小人：3,700円",２日間,2025年6月13日～2025年10月30日,2025年6月13日～2025年10月31日,"長崎,浦上,諫早,大村,新大村,ハウステンボス,早岐,佐世保,有田,武雄温泉,嬉野温泉 /",,"ぶらり大村線 寺社めぐりきっぷ || 関連情報 | ＪＲ九州 || 問合わせ | ＪＲ九州案内センター TEL：095-826-4336 / ＪＲ九州旅行長崎支店 TEL：095-822-4813 || フリー区間 | ぶらり大村線 寺社めぐりきっぷ || 利用可能設備 | 西九州新幹線在来線特急・急行快速・普通 指定自由グリーン車指定自由グリーン指定グリーン自由ライナー指定自由 ▲▲▲▲▲－－▲▲○ ○：乗車可 △：制限事項あり ▲：乗車券のみ有効 / ×：乗車不可 －：設定なし / || 制限事項 || ねだん | 大人：3,700円／小人：3,700円 || 有効期間 | ２日間 || 発売期間 | 2025年6月13日～2025年10月30日 || 利用期間 | 2025年6月13日～2025年10月31日 || 発売箇所 | 長崎,浦上,諫早,大村,新大村,ハウステンボス,早岐,佐世保,有田,武雄温泉,嬉野温泉 /",https://www2s.biglobe.ne.jp/~t_aoyagi/railway/free/jrkyusyu119.htm,https://www.jrkyushu.co.jp/train/jisha-meguri/#box04,https://www2s.biglobe.ne.jp/~t_aoyagi/railway/free/map/jrkyusyu81.gif,https://www2s.biglobe.ne.jp/~t_aoyagi/railway/free/kyusyu.htm,
九州,2026-05-26,ＪＲ九州,北九州周遊パス～タッチKyushu～,2025/7/23 / ～2027/3/31,北九州周遊パス～タッチKyushu～,九州観光機構 皿倉登山鉄道,ＪＲ九州,北九州周遊パス～タッチKyushu～,山陽新幹線九州新幹線 / 西九州新幹線特急・急行快速・普通 グリーン普通車指定普通車自由グリーンDXグリーングリーン個室普通車指定普通車自由ライナー指定自由 ×××××××××▲▲○ ○：乗車可 ▲：料金券必要 ×：乗車不可 /,タッチ決済対応のクレジットカード要,"１日間 大人：2,000円 小人：2,000円 / ２日間 大人：3,000円 小人：3,000円 /",１／２日間,1日券 2025年7月23日～2026年3月31日 / 2日券 2025年7月23日～2026年3月30日,2025年7月23日～2027年3月31日,九州観光機構 Pass Case,"{""発売枚数"": ""－""}","北九州周遊パス～タッチKyushu～ || 関連情報 | 九州観光機構 皿倉登山鉄道 || 問合わせ | ＪＲ九州 || フリー区間 | 北九州周遊パス～タッチKyushu～ || 利用可能設備 | 山陽新幹線九州新幹線 / 西九州新幹線特急・急行快速・普通 グリーン普通車指定普通車自由グリーンDXグリーングリーン個室普通車指定普通車自由ライナー指定自由 ×××××××××▲▲○ ○：乗車可 ▲：料金券必要 ×：乗車不可 / || 制限事項 | タッチ決済対応のクレジットカード要 || ねだん | １日間 大人：2,000円 小人：2,000円 / ２日間 大人：3,000円 小人：3,000円 / || 有効期間 | １／２日間 || 発売期間 | 1日券 2025年7月23日～2026年3月31日 / 2日券 2025年7月23日～2026年3月30日 || 利用期間 | 2025年7月23日～2027年3月31日 || 発売箇所 | 九州観光機構 Pass Case || 発売枚数 | －",https://www2s.biglobe.ne.jp/~t_aoyagi/railway/free/jrkyusyu122.htm,https://kitakyushu-tourpass.com/ | https://www.sarakurayama-cablecar.co.jp/news/2025-7-23%e3%80%8c%e5%8c%97%e4%b9%9d%e5%b7%9e%e5%91%a8%e9%81%8a%e3%83%91%e3%82%b9%e3%80%8d%e8%b2%a9%e5%a3%b2%e9%96%8b%e5%a7%8b/ | https://www.smbc-card.com/camp/passcase/index.html,https://www2s.biglobe.ne.jp/~t_aoyagi/railway/free/map/jrkyusyu122.gif,https://www2s.biglobe.ne.jp/~t_aoyagi/railway/free/kyusyu.htm,
九州,2026-05-26,ＪＲ九州,GO QUEST西九州フリーきっぷ,終了,GO QUEST西九州フリーきっぷ,ＪＲ九州,ＪＲ九州,GO QUEST西九州フリーきっぷ,山陽新幹線九州/西九州新幹線特急・急行快速・普通 グリーン普通車指定普通車自由グリーンDXグリーングリーン個室普通車指定普通車自由ライナー指定自由 ×■△○■■■△○■■○ ○：乗車可 △：3回まで有効 ■：乗車券のみ有効 ×：乗車不可 －：設定なし /,J小人用は大人用と同時購入、同一行程の利用のみ可,"２日間用 大人：9,990円／小人：2,990円 / ３日間用 大人：10,990円／小人：3,990円 /",2日間,2025年8月23日～2026年3月29日 / 利用日前日までの発売,2025年9月7日～2026年3月31日,ＪＲ九州インターネット予約限定,,"GO QUEST西九州フリーきっぷ || 関連情報 | ＪＲ九州 || 問合わせ | ＪＲ九州 || フリー区間 | GO QUEST西九州フリーきっぷ || 利用可能設備 | 山陽新幹線九州/西九州新幹線特急・急行快速・普通 グリーン普通車指定普通車自由グリーンDXグリーングリーン個室普通車指定普通車自由ライナー指定自由 ×■△○■■■△○■■○ ○：乗車可 △：3回まで有効 ■：乗車券のみ有効 ×：乗車不可 －：設定なし / || 制限事項 | J小人用は大人用と同時購入、同一行程の利用のみ可 || ねだん | ２日間用 大人：9,990円／小人：2,990円 / ３日間用 大人：10,990円／小人：3,990円 / || 有効期間 | 2日間 || 発売期間 | 2025年8月23日～2026年3月29日 / 利用日前日までの発売 || 利用期間 | 2025年9月7日～2026年3月31日 || 発売箇所 | ＪＲ九州インターネット予約限定",https://www2s.biglobe.ne.jp/~t_aoyagi/railway/free/jrkyusyu130.htm,https://train.yoyaku.jrkyushu.co.jp/jr/pc/special/TicketClass?code=GWF | https://www.jrkyushu-kippu.jp/fare/ticket/443,https://www2s.biglobe.ne.jp/~t_aoyagi/railway/free/map/jrkyusyu130.gif,https://www2s.biglobe.ne.jp/~t_aoyagi/railway/free/kyusyu.htm,
九州,2026-05-26,ＪＲ九州,島原半島～長崎満喫きっぷ,終了,島原半島～長崎満喫きっぷ,JR九州 ながさきバスツアー.net,ＪＲ九州,島原半島～長崎満喫きっぷ,山陽新幹線九州/西九州新幹線特急・急行快速・普通 グリーン普通車指定普通車自由グリーンDXグリーングリーン個室普通車指定普通車自由ライナー指定自由 ×▲▲▲▲▲▲▲▲▲▲○ ○：乗車可 △：６回まで有効 ▲：料金券が必要 ■：乗車券のみ有効 ×：乗車不可 －：設定なし /,,"2日間きっぷ 大人：3,600円 小人：---円 / 3日間きっぷ 大人：4,950円 小人：---円 /",2日間きっぷ 2日間 / 3日間きっぷ 3日間,2日間きっぷ 2026年2月1日～2026年3月30日 / 3日間きっぷ 2026年2月1日～2026年3月29日 /,2026年2月1日～2026年3月31日 /,"諫早,長崎駅の指定席券売機 / JR九州インターネット予約",,"島原半島～長崎満喫きっぷ || 関連情報 | JR九州 ながさきバスツアー.net || 問合わせ | ＪＲ九州 || フリー区間 | 島原半島～長崎満喫きっぷ || 利用可能設備 | 山陽新幹線九州/西九州新幹線特急・急行快速・普通 グリーン普通車指定普通車自由グリーンDXグリーングリーン個室普通車指定普通車自由ライナー指定自由 ×▲▲▲▲▲▲▲▲▲▲○ ○：乗車可 △：６回まで有効 ▲：料金券が必要 ■：乗車券のみ有効 ×：乗車不可 －：設定なし / || 制限事項 || ねだん | 2日間きっぷ 大人：3,600円 小人：---円 / 3日間きっぷ 大人：4,950円 小人：---円 / || 有効期間 | 2日間きっぷ 2日間 / 3日間きっぷ 3日間 || 発売期間 | 2日間きっぷ 2026年2月1日～2026年3月30日 / 3日間きっぷ 2026年2月1日～2026年3月29日 / || 利用期間 | 2026年2月1日～2026年3月31日 / || 発売箇所 | 諫早,長崎駅の指定席券売機 / JR九州インターネット予約",https://www2s.biglobe.ne.jp/~t_aoyagi/railway/free/jrkyusyu127.htm,https://nbtour.net/mankitsu_kippu/ | https://train.yoyaku.jrkyushu.co.jp/jr/pc/special/TicketClass?code=SNK,https://www2s.biglobe.ne.jp/~t_aoyagi/railway/free/map/jrkyusyu127.gif,https://www2s.biglobe.ne.jp/~t_aoyagi/railway/free/kyusyu.htm,
九州,2026-05-26,ＪＲ九州,九州大冒険きっぷ(全九州版),終了,九州大冒険きっぷ(全九州版),ＪＲ九州,ＪＲ九州,九州大冒険きっぷ(全九州版),山陽新幹線九州/西九州新幹線特急・急行快速・普通 グリーン普通車指定普通車自由グリーンDXグリーングリーン個室普通車指定普通車自由ライナー指定自由 ×■■○■■■■○■■○ ○：乗車可 ■：乗車券のみ有効 ×：乗車不可 －：設定なし /,,"大人：10,000円／小人：2,000円",2日間,2026年3月10日～2026年4月17日 / 利用日前日までの発売,2026年4月10日～2026年4月19日,ＪＲ九州インターネット予約限定,,"九州大冒険きっぷ(全九州版) || 関連情報 | ＪＲ九州 || 問合わせ | ＪＲ九州 || フリー区間 | 九州大冒険きっぷ(全九州版) || 利用可能設備 | 山陽新幹線九州/西九州新幹線特急・急行快速・普通 グリーン普通車指定普通車自由グリーンDXグリーングリーン個室普通車指定普通車自由ライナー指定自由 ×■■○■■■■○■■○ ○：乗車可 ■：乗車券のみ有効 ×：乗車不可 －：設定なし / || 制限事項 || ねだん | 大人：10,000円／小人：2,000円 || 有効期間 | 2日間 || 発売期間 | 2026年3月10日～2026年4月17日 / 利用日前日までの発売 || 利用期間 | 2026年4月10日～2026年4月19日 || 発売箇所 | ＪＲ九州インターネット予約限定",https://www2s.biglobe.ne.jp/~t_aoyagi/railway/free/jrkyusyu129.htm,https://train.yoyaku.jrkyushu.co.jp/jr/pc/Top | https://www.jrkyushu-kippu.jp/fare/ticket/455,https://www2s.biglobe.ne.jp/~t_aoyagi/railway/free/map/jrkyusyu92.gif,https://www2s.biglobe.ne.jp/~t_aoyagi/railway/free/kyusyu.htm,
九州,2026-05-26,ＪＲ九州,九州大冒険きっぷ(北部九州版),終了,九州大冒険きっぷ(北部九州版),ＪＲ九州,ＪＲ九州,九州大冒険きっぷ(北部九州版),山陽新幹線九州/西九州新幹線特急・急行快速・普通 グリーン普通車指定普通車自由グリーンDXグリーングリーン個室普通車指定普通車自由ライナー指定自由 ×■■○■■■■○■■○ ○：乗車可 ■：乗車券のみ有効 ×：乗車不可 －：設定なし /,J小人用は大人用と同時購入、同一行程の利用のみ可,"大人：10,000円／小人：2,000円",２日間,2026年3月10日～2026年4月17日 / 利用日前日までの発売,2026年4月10日～2026年4月19日,ＪＲ九州インターネット予約(要ログイン),,"九州大冒険きっぷ(北部九州版) || 関連情報 | ＪＲ九州 || 問合わせ | ＪＲ九州 || フリー区間 | 九州大冒険きっぷ(北部九州版) || 利用可能設備 | 山陽新幹線九州/西九州新幹線特急・急行快速・普通 グリーン普通車指定普通車自由グリーンDXグリーングリーン個室普通車指定普通車自由ライナー指定自由 ×■■○■■■■○■■○ ○：乗車可 ■：乗車券のみ有効 ×：乗車不可 －：設定なし / || 制限事項 | J小人用は大人用と同時購入、同一行程の利用のみ可 || ねだん | 大人：10,000円／小人：2,000円 || 有効期間 | ２日間 || 発売期間 | 2026年3月10日～2026年4月17日 / 利用日前日までの発売 || 利用期間 | 2026年4月10日～2026年4月19日 || 発売箇所 | ＪＲ九州インターネット予約(要ログイン)",https://www2s.biglobe.ne.jp/~t_aoyagi/railway/free/jrkyusyu128.htm,https://train.yoyaku.jrkyushu.co.jp/jr/pc/Top | https://www.jrkyushu-kippu.jp/fare/ticket/455,https://www2s.biglobe.ne.jp/~t_aoyagi/railway/free/map/jrkyusyu85.gif,https://www2s.biglobe.ne.jp/~t_aoyagi/railway/free/kyusyu.htm,
九州,2026-05-26,ＪＲ九州,かごんまーベラスフリーきっぷ,2026/3/1 / ～6/28,かごんまーベラスフリーきっぷ,ＪＲ九州,ＪＲ九州 TEL:,かごんまーベラスフリーきっぷ,九州新幹線特急・急行快速・普通 グリーン普通車指定普通車自由グリーンDXグリーングリーン個室普通車指定普通車自由ライナー指定自由 ×××▲▲▲▲〇▲▲〇 ○：乗車可 ▲：乗車券のみ有効 ×：乗車不可 /,乗車日の前日までの発売,"大人：3,500円 小人：1,500円",２日,2026年3月1日～2026年6月28日,2026年3月12日～2026年6月30日,インターネット列車予約,,"かごんまーベラスフリーきっぷ || 関連情報 | ＪＲ九州 || 問合わせ | ＪＲ九州 TEL: || フリー区間 | かごんまーベラスフリーきっぷ || 利用可能設備 | 九州新幹線特急・急行快速・普通 グリーン普通車指定普通車自由グリーンDXグリーングリーン個室普通車指定普通車自由ライナー指定自由 ×××▲▲▲▲〇▲▲〇 ○：乗車可 ▲：乗車券のみ有効 ×：乗車不可 / || 制限事項 | 乗車日の前日までの発売 || ねだん | 大人：3,500円 小人：1,500円 || 有効期間 | ２日 || 発売期間 | 2026年3月1日～2026年6月28日 || 利用期間 | 2026年3月12日～2026年6月30日 || 発売箇所 | インターネット列車予約",https://www2s.biglobe.ne.jp/~t_aoyagi/railway/free/jrkyusyu132.htm,https://train.yoyaku.jrkyushu.co.jp/jr/pc/special/TicketClass?code=KMF | https://www.jrkyushu-kippu.jp/fare/ticket/459,https://www2s.biglobe.ne.jp/~t_aoyagi/railway/free/map/jrkyusyu132.gif,https://www2s.biglobe.ne.jp/~t_aoyagi/railway/free/kyusyu.htm,
九州,2026-05-26,ＪＲ九州,JR・市電・市バス・シティビュー乗りまわレールきっぷ,2026/3/14 / ～7/31,JR・市電・市バス・シティビュー乗りまわレールきっぷ,九州MaaS,ＪＲ九州 TEL:,JR・市電・市バス・シティビュー乗りまわレールきっぷ,九州新幹線特急・急行快速・普通 グリーン普通車指定普通車自由グリーンDXグリーングリーン個室普通車指定普通車自由ライナー指定自由 ×××▲▲▲▲▲▲▲〇 ○：乗車可 ▲：乗車券のみ有効 ×：乗車不可 /,乗車日の前日までの発売,"大人：1,000円 小人：500円",２日,2026年3月14日～2026年7月31日,2026年3月14日～2026年7月31日,my route,,"JR・市電・市バス・シティビュー乗りまわレールきっぷ || 関連情報 | 九州MaaS || 問合わせ | ＪＲ九州 TEL: || フリー区間 | JR・市電・市バス・シティビュー乗りまわレールきっぷ || 利用可能設備 | 九州新幹線特急・急行快速・普通 グリーン普通車指定普通車自由グリーンDXグリーングリーン個室普通車指定普通車自由ライナー指定自由 ×××▲▲▲▲▲▲▲〇 ○：乗車可 ▲：乗車券のみ有効 ×：乗車不可 / || 制限事項 | 乗車日の前日までの発売 || ねだん | 大人：1,000円 小人：500円 || 有効期間 | ２日 || 発売期間 | 2026年3月14日～2026年7月31日 || 利用期間 | 2026年3月14日～2026年7月31日 || 発売箇所 | my route",https://www2s.biglobe.ne.jp/~t_aoyagi/railway/free/jrkyusyu133.htm,https://kyushu-maas.jp/ticket/1723 | https://ticket.myroute.fun/050700/050701,https://www2s.biglobe.ne.jp/~t_aoyagi/railway/free/map/jrkyusyu133.gif,https://www2s.biglobe.ne.jp/~t_aoyagi/railway/free/kyusyu.htm,
九州,2026-05-26,スターフライヤー,北九州フリーきっぷ,終了,北九州フリーきっぷ,ＪＲ九州 スターフライヤー,ＪＲ九州,北九州フリーきっぷ,山陽新幹線九州新幹線西九州新幹線特急･急行快速･普通ななつ星in九州或る列車かんぱち・いちろく36ぷらす3BRTひこぼしライン みずほグリーン普通車指定普通車自由普通車指定普通車自由グリーンDXグリーングリーン個室普通車指定普通車自由指定自由 ×××××××▲▲▲▲○▲○×××▲× ○：乗車可 ●：制限あり ▲：乗車券のみ有効 / ×：乗車不可 －：設定なし /,,"大人：3,500円／小人：2,000円",２日間,2022年11月1日～2026年3月31日,2022年11月1日～2026年4月9日,"スターフライヤー便：羽田発 → 北九州／福岡到着便機内 / 引換駅：小倉,博多",,"北九州フリーきっぷ || 関連情報 | ＪＲ九州 スターフライヤー || 問合わせ | ＪＲ九州 || フリー区間 | 北九州フリーきっぷ || 利用可能設備 | 山陽新幹線九州新幹線西九州新幹線特急･急行快速･普通ななつ星in九州或る列車かんぱち・いちろく36ぷらす3BRTひこぼしライン みずほグリーン普通車指定普通車自由普通車指定普通車自由グリーンDXグリーングリーン個室普通車指定普通車自由指定自由 ×××××××▲▲▲▲○▲○×××▲× ○：乗車可 ●：制限あり ▲：乗車券のみ有効 / ×：乗車不可 －：設定なし / || 制限事項 || ねだん | 大人：3,500円／小人：2,000円 || 有効期間 | ２日間 || 発売期間 | 2022年11月1日～2026年3月31日 || 利用期間 | 2022年11月1日～2026年4月9日 || 発売箇所 | スターフライヤー便：羽田発 → 北九州／福岡到着便機内 / 引換駅：小倉,博多",https://www2s.biglobe.ne.jp/~t_aoyagi/railway/free/starflyer01.htm,https://www.starflyer.jp/campaign/2022/jr_freekippu/#tab1-03,https://www2s.biglobe.ne.jp/~t_aoyagi/railway/free/map/starflyer01.gif,https://www2s.biglobe.ne.jp/~t_aoyagi/railway/free/kyusyu.htm,
九州,2026-05-26,スターフライヤー,西九州フリーきっぷ,終了,西九州フリーきっぷ,ＪＲ九州 スターフライヤー,ＪＲ九州,西九州フリーきっぷ,山陽新幹線九州新幹線西九州新幹線特急･急行快速･普通ななつ星in九州或る列車かんぱち・いちろく36ぷらす3BRTひこぼしライン みずほグリーン普通車指定普通車自由普通車指定普通車自由グリーンDXグリーングリーン個室普通車指定普通車自由指定自由 ×××××××▲▲▲▲○▲○×××▲× ○：乗車可 ●：制限あり ▲：乗車券のみ有効 / ×：乗車不可 －：設定なし /,西九州新幹線は２回乗車可,"２日間用：大人：11,000円／小人：5,500円 / ３日間用：大人：12,000円／小人：6,000円",２日間／３日間,2022年11月1日～2026年3月31日,2022年11月1日～2026年4月10日,スターフライヤー便：羽田発 → 北九州／福岡到着便機内 / 引換駅：博多,,"西九州フリーきっぷ || 関連情報 | ＪＲ九州 スターフライヤー || 問合わせ | ＪＲ九州 || フリー区間 | 西九州フリーきっぷ || 利用可能設備 | 山陽新幹線九州新幹線西九州新幹線特急･急行快速･普通ななつ星in九州或る列車かんぱち・いちろく36ぷらす3BRTひこぼしライン みずほグリーン普通車指定普通車自由普通車指定普通車自由グリーンDXグリーングリーン個室普通車指定普通車自由指定自由 ×××××××▲▲▲▲○▲○×××▲× ○：乗車可 ●：制限あり ▲：乗車券のみ有効 / ×：乗車不可 －：設定なし / || 制限事項 | 西九州新幹線は２回乗車可 || ねだん | ２日間用：大人：11,000円／小人：5,500円 / ３日間用：大人：12,000円／小人：6,000円 || 有効期間 | ２日間／３日間 || 発売期間 | 2022年11月1日～2026年3月31日 || 利用期間 | 2022年11月1日～2026年4月10日 || 発売箇所 | スターフライヤー便：羽田発 → 北九州／福岡到着便機内 / 引換駅：博多",https://www2s.biglobe.ne.jp/~t_aoyagi/railway/free/starflyer02.htm,https://www.starflyer.jp/campaign/2022/jr_freekippu/#tab1-02,https://www2s.biglobe.ne.jp/~t_aoyagi/railway/free/map/starflyer02.gif,https://www2s.biglobe.ne.jp/~t_aoyagi/railway/free/kyusyu.htm,
九州,2026-05-26,スターフライヤー,由布院・別府フリーきっぷ,終了,由布院・別府フリーきっぷ,ＪＲ九州 スターフライヤー,ＪＲ九州,由布院・別府フリーきっぷ,山陽新幹線九州新幹線西九州新幹線特急･急行快速･普通ななつ星in九州或る列車かんぱち・いちろく36ぷらす3BRTひこぼしライン みずほグリーン普通車指定普通車自由普通車指定普通車自由グリーンDXグリーングリーン個室普通車指定普通車自由指定自由 ×××××××▲▲▲▲○▲○×××▲× ○：乗車可 ●：制限あり ▲：乗車券のみ有効 / ×：乗車不可 －：設定なし /,九州新幹線は乗車不可,"２日間用：大人：10,000円／小人：5,000円 / ３日間用：大人：11,000円／小人：5,500円",２日間／３日間,2022年11月1日～2026年3月31日,2022年11月1日～2026年4月10日,"スターフライヤー便：羽田発 → 北九州／福岡到着便機内 / 引換駅：小倉,博多,行橋,別府,大分駅",,"由布院・別府フリーきっぷ || 関連情報 | ＪＲ九州 スターフライヤー || 問合わせ | ＪＲ九州 || フリー区間 | 由布院・別府フリーきっぷ || 利用可能設備 | 山陽新幹線九州新幹線西九州新幹線特急･急行快速･普通ななつ星in九州或る列車かんぱち・いちろく36ぷらす3BRTひこぼしライン みずほグリーン普通車指定普通車自由普通車指定普通車自由グリーンDXグリーングリーン個室普通車指定普通車自由指定自由 ×××××××▲▲▲▲○▲○×××▲× ○：乗車可 ●：制限あり ▲：乗車券のみ有効 / ×：乗車不可 －：設定なし / || 制限事項 | 九州新幹線は乗車不可 || ねだん | ２日間用：大人：10,000円／小人：5,000円 / ３日間用：大人：11,000円／小人：5,500円 || 有効期間 | ２日間／３日間 || 発売期間 | 2022年11月1日～2026年3月31日 || 利用期間 | 2022年11月1日～2026年4月10日 || 発売箇所 | スターフライヤー便：羽田発 → 北九州／福岡到着便機内 / 引換駅：小倉,博多,行橋,別府,大分駅",https://www2s.biglobe.ne.jp/~t_aoyagi/railway/free/starflyer03.htm,https://www.starflyer.jp/campaign/2022/jr_freekippu/#tab1-01,https://www2s.biglobe.ne.jp/~t_aoyagi/railway/free/map/starflyer03.gif,https://www2s.biglobe.ne.jp/~t_aoyagi/railway/free/kyusyu.htm,
九州,2026-05-26,ソラシドエア,鹿児島・宮崎フリーきっぷ,発売中,鹿児島・宮崎フリーきっぷ,ＪＲ九州 ソラシドエア,ＪＲ九州,鹿児島・宮崎フリーきっぷ,山陽新幹線九州新幹線西九州新幹線特急･急行快速･普通ななつ星in九州或る列車かんぱち・いちろく36ぷらす3BRTひこぼしライン みずほグリーン普通車指定普通車自由普通車指定普通車自由グリーンDXグリーングリーン個室普通車指定普通車自由指定自由 ×××××－－×××●○●○×××▲× ○：乗車可 ●：制限あり ▲：乗車券のみ有効 / ×：乗車不可 －：設定なし / ※指定席は６回まで,,"有効期間一般Solaseed Airカード 大人小人大人小人 2日間7,100円3,600円6,390円3,240円 3日間8,400円4,200円7,560円3,780円",２日間/３日間,発売中,発売中,"ソラシドエア便：羽田発 → 宮崎／熊本／長崎／鹿児島／大分到着便 / 引換駅：宮崎,宮崎空港,鹿児島中央,隼人,国分,霧島神宮,指宿",,"鹿児島・宮崎フリーきっぷ || 関連情報 | ＪＲ九州 ソラシドエア || 問合わせ | ＪＲ九州 || フリー区間 | 鹿児島・宮崎フリーきっぷ || 利用可能設備 | 山陽新幹線九州新幹線西九州新幹線特急･急行快速･普通ななつ星in九州或る列車かんぱち・いちろく36ぷらす3BRTひこぼしライン みずほグリーン普通車指定普通車自由普通車指定普通車自由グリーンDXグリーングリーン個室普通車指定普通車自由指定自由 ×××××－－×××●○●○×××▲× ○：乗車可 ●：制限あり ▲：乗車券のみ有効 / ×：乗車不可 －：設定なし / ※指定席は６回まで || 制限事項 || ねだん | 有効期間一般Solaseed Airカード 大人小人大人小人 2日間7,100円3,600円6,390円3,240円 3日間8,400円4,200円7,560円3,780円 || 有効期間 | ２日間/３日間 || 発売期間 | 発売中 || 利用期間 | 発売中 || 発売箇所 | ソラシドエア便：羽田発 → 宮崎／熊本／長崎／鹿児島／大分到着便 / 引換駅：宮崎,宮崎空港,鹿児島中央,隼人,国分,霧島神宮,指宿",https://www2s.biglobe.ne.jp/~t_aoyagi/railway/free/solaseed01.htm,https://www.solaseedair.jp/jrkyushu-freeticket/,https://www2s.biglobe.ne.jp/~t_aoyagi/railway/free/map/solaseed01.gif,https://www2s.biglobe.ne.jp/~t_aoyagi/railway/free/kyusyu.htm,
九州,2026-05-26,ソラシドエア,由布院・別府フリーきっぷ,発売中,由布院・別府フリーきっぷ,ＪＲ九州 ソラシドエア,ＪＲ九州,由布院・別府フリーきっぷ,山陽新幹線九州新幹線西九州新幹線特急・急行快速・普通ななつ星in九州或る列車かんぱち・いちろく36ぷらす3BRTひこぼしライン グリーン普通車指定普通車自由普通車指定普通車自由グリーンDXグリーングリーン個室普通車指定普通車自由ライナー指定自由 ××××－－▲▲▲○○▲○××××▲× ○：乗車可 ▲：乗車券のみ有効 ×：乗車不可 －：設定なし /,,"有効期間一般Solaseed Airカード 大人小人大人小人 2日間9,600円4,800円8,640円4,320円 3日間10,900円5,500円9,810円4,950円",２日間/３日間,2024年7月1日～,2024年7月1日～,"ソラシドエア便：羽田発 → 宮崎／熊本／長崎／鹿児島／大分到着便 / 引換駅：博多,小倉,鳥栖,別府,大分,由布院,行橋 /",,"由布院・別府フリーきっぷ || 関連情報 | ＪＲ九州 ソラシドエア || 問合わせ | ＪＲ九州 || フリー区間 | 由布院・別府フリーきっぷ || 利用可能設備 | 山陽新幹線九州新幹線西九州新幹線特急・急行快速・普通ななつ星in九州或る列車かんぱち・いちろく36ぷらす3BRTひこぼしライン グリーン普通車指定普通車自由普通車指定普通車自由グリーンDXグリーングリーン個室普通車指定普通車自由ライナー指定自由 ××××－－▲▲▲○○▲○××××▲× ○：乗車可 ▲：乗車券のみ有効 ×：乗車不可 －：設定なし / || 制限事項 || ねだん | 有効期間一般Solaseed Airカード 大人小人大人小人 2日間9,600円4,800円8,640円4,320円 3日間10,900円5,500円9,810円4,950円 || 有効期間 | ２日間/３日間 || 発売期間 | 2024年7月1日～ || 利用期間 | 2024年7月1日～ || 発売箇所 | ソラシドエア便：羽田発 → 宮崎／熊本／長崎／鹿児島／大分到着便 / 引換駅：博多,小倉,鳥栖,別府,大分,由布院,行橋 /",https://www2s.biglobe.ne.jp/~t_aoyagi/railway/free/solaseed02.htm,https://www.solaseedair.jp/jrkyushu-freeticket/,https://www2s.biglobe.ne.jp/~t_aoyagi/railway/free/map/solaseed02.gif,https://www2s.biglobe.ne.jp/~t_aoyagi/railway/free/kyusyu.htm,
九州,2026-05-26,ソラシドエア,西九州フリーきっぷ,発売中,西九州フリーきっぷ,ＪＲ九州 ソラシドエア,ＪＲ九州,西九州フリーきっぷ,山陽新幹線九州新幹線西九州新幹線特急･急行快速･普通ななつ星in九州或る列車かんぱち・いちろく36ぷらす3BRTひこぼしライン みずほグリーン普通車指定普通車自由普通車指定普通車自由グリーンDXグリーングリーン個室普通車指定普通車自由指定自由 ×××××●●▲▲▲○○▲○×××▲× ○：乗車可 ●：制限あり ▲：乗車券のみ有効 / ×：乗車不可 －：設定なし / 西九州新幹線の乗車は2回と無制限がある。,,"西九州新幹線2回乗車可 / 有効期間一般Solaseed Airカード 大人小人大人小人 2日間10,200円5,100円9,180円4,590円 3日間11,000円5,500円9,900円4,950円 / 西九州新幹線乗車回数制限なし / 有効期間一般Solaseed Airカード 大人小人大人小人 2日間11,500円5,800円10,350円5,220円 3日間12,600円6,300円11,340円5,670円",２日間/３日間,2024年7月1日～,2024年7月1日～,"ソラシドエア便：羽田発 → 宮崎／熊本／長崎／鹿児島／大分到着便 / 引換駅：博多,鳥栖,佐賀,長崎,諫早,佐世保,ハウステンボス,大村,新大村 /",,"西九州フリーきっぷ || 関連情報 | ＪＲ九州 ソラシドエア || 問合わせ | ＪＲ九州 || フリー区間 | 西九州フリーきっぷ || 利用可能設備 | 山陽新幹線九州新幹線西九州新幹線特急･急行快速･普通ななつ星in九州或る列車かんぱち・いちろく36ぷらす3BRTひこぼしライン みずほグリーン普通車指定普通車自由普通車指定普通車自由グリーンDXグリーングリーン個室普通車指定普通車自由指定自由 ×××××●●▲▲▲○○▲○×××▲× ○：乗車可 ●：制限あり ▲：乗車券のみ有効 / ×：乗車不可 －：設定なし / 西九州新幹線の乗車は2回と無制限がある。 || 制限事項 || ねだん | 西九州新幹線2回乗車可 / 有効期間一般Solaseed Airカード 大人小人大人小人 2日間10,200円5,100円9,180円4,590円 3日間11,000円5,500円9,900円4,950円 / 西九州新幹線乗車回数制限なし / 有効期間一般Solaseed Airカード 大人小人大人小人 2日間11,500円5,800円10,350円5,220円 3日間12,600円6,300円11,340円5,670円 || 有効期間 | ２日間/３日間 || 発売期間 | 2024年7月1日～ || 利用期間 | 2024年7月1日～ || 発売箇所 | ソラシドエア便：羽田発 → 宮崎／熊本／長崎／鹿児島／大分到着便 / 引換駅：博多,鳥栖,佐賀,長崎,諫早,佐世保,ハウステンボス,大村,新大村 /",https://www2s.biglobe.ne.jp/~t_aoyagi/railway/free/solaseed03.htm,https://www.solaseedair.jp/jrkyushu-freeticket/,https://www2s.biglobe.ne.jp/~t_aoyagi/railway/free/map/solaseed03.gif,https://www2s.biglobe.ne.jp/~t_aoyagi/railway/free/kyusyu.htm,
九州,2026-05-26,ソラシドエア,中九州フリーきっぷ,発売中,中九州フリーきっぷ,ＪＲ九州 ソラシドエア,ＪＲ九州,中九州フリーきっぷ,山陽新幹線九州新幹線西九州新幹線特急･急行快速･普通ななつ星in九州或る列車かんぱち・いちろく36ぷらす3BRTひこぼしライン みずほグリーン普通車指定普通車自由普通車指定普通車自由グリーンDXグリーングリーン個室普通車指定普通車自由指定自由 ×××●●－－▲▲▲○○▲○×××▲× ○：乗車可 ●：制限あり ▲：乗車券のみ有効 / ×：乗車不可 －：設定なし / 九州新幹線の乗車は1回のみ,,"有効期間一般Solaseed Airカード 大人小人大人小人 2日間12,400円6,200円11,160円5,580円 3日間13,800円6,900円12,420円6,210円",２日間/３日間,2024年7月1日～,2024年7月1日～,"ソラシドエア便：羽田発 → 宮崎／熊本／長崎／鹿児島／大分到着便 / 引換駅：博多,鳥栖,別府,大分,由布院,熊本,肥後大津,阿蘇,宮地",,"中九州フリーきっぷ || 関連情報 | ＪＲ九州 ソラシドエア || 問合わせ | ＪＲ九州 || フリー区間 | 中九州フリーきっぷ || 利用可能設備 | 山陽新幹線九州新幹線西九州新幹線特急･急行快速･普通ななつ星in九州或る列車かんぱち・いちろく36ぷらす3BRTひこぼしライン みずほグリーン普通車指定普通車自由普通車指定普通車自由グリーンDXグリーングリーン個室普通車指定普通車自由指定自由 ×××●●－－▲▲▲○○▲○×××▲× ○：乗車可 ●：制限あり ▲：乗車券のみ有効 / ×：乗車不可 －：設定なし / 九州新幹線の乗車は1回のみ || 制限事項 || ねだん | 有効期間一般Solaseed Airカード 大人小人大人小人 2日間12,400円6,200円11,160円5,580円 3日間13,800円6,900円12,420円6,210円 || 有効期間 | ２日間/３日間 || 発売期間 | 2024年7月1日～ || 利用期間 | 2024年7月1日～ || 発売箇所 | ソラシドエア便：羽田発 → 宮崎／熊本／長崎／鹿児島／大分到着便 / 引換駅：博多,鳥栖,別府,大分,由布院,熊本,肥後大津,阿蘇,宮地",https://www2s.biglobe.ne.jp/~t_aoyagi/railway/free/solaseed04.htm,https://www.solaseedair.jp/jrkyushu-freeticket/,https://www2s.biglobe.ne.jp/~t_aoyagi/railway/free/map/solaseed04.gif,https://www2s.biglobe.ne.jp/~t_aoyagi/railway/free/kyusyu.htm,
九州,2026-05-26,ソラシドエア,全九州フリーきっぷ,発売中,全九州フリーきっぷ,ＪＲ九州 ソラシドエア,ＪＲ九州,全九州フリーきっぷ,山陽新幹線九州新幹線西九州新幹線特急･急行快速･普通ななつ星in九州或る列車かんぱち・いちろく36ぷらす3BRTひこぼしライン みずほグリーン普通車指定普通車自由普通車指定普通車自由グリーンDXグリーングリーン個室普通車指定普通車自由指定自由 ×××●○●○×××●○●○××××× ○：乗車可 ●：制限あり ▲：乗車券のみ有効 / ×：乗車不可 －：設定なし / ※指定席は６回まで,,"有効期間一般Solaseed Airカード 大人小人大人小人 3日間36,100円18,100円32,490円16,290円 4日間37,400円18,700円33,660円16,830円 5日間38,700円19,400円34,830円17,460円",３日間/４日間/５日間,2024年7月1日～,2024年7月1日～,"ソラシドエア便：羽田発 → 宮崎／熊本／長崎／鹿児島／大分到着便 / 引換駅：博多,小倉,佐賀,長崎,諫早,ハウステンボス,大村,新大村,別府,大分,由布院,熊本,肥後大津,宮崎,宮崎空港,鹿児島中央",,"全九州フリーきっぷ || 関連情報 | ＪＲ九州 ソラシドエア || 問合わせ | ＪＲ九州 || フリー区間 | 全九州フリーきっぷ || 利用可能設備 | 山陽新幹線九州新幹線西九州新幹線特急･急行快速･普通ななつ星in九州或る列車かんぱち・いちろく36ぷらす3BRTひこぼしライン みずほグリーン普通車指定普通車自由普通車指定普通車自由グリーンDXグリーングリーン個室普通車指定普通車自由指定自由 ×××●○●○×××●○●○××××× ○：乗車可 ●：制限あり ▲：乗車券のみ有効 / ×：乗車不可 －：設定なし / ※指定席は６回まで || 制限事項 || ねだん | 有効期間一般Solaseed Airカード 大人小人大人小人 3日間36,100円18,100円32,490円16,290円 4日間37,400円18,700円33,660円16,830円 5日間38,700円19,400円34,830円17,460円 || 有効期間 | ３日間/４日間/５日間 || 発売期間 | 2024年7月1日～ || 利用期間 | 2024年7月1日～ || 発売箇所 | ソラシドエア便：羽田発 → 宮崎／熊本／長崎／鹿児島／大分到着便 / 引換駅：博多,小倉,佐賀,長崎,諫早,ハウステンボス,大村,新大村,別府,大分,由布院,熊本,肥後大津,宮崎,宮崎空港,鹿児島中央",https://www2s.biglobe.ne.jp/~t_aoyagi/railway/free/solaseed05.htm,https://www.solaseedair.jp/jrkyushu-freeticket/,https://www2s.biglobe.ne.jp/~t_aoyagi/railway/free/map/solaseed05.gif,https://www2s.biglobe.ne.jp/~t_aoyagi/railway/free/kyusyu.htm,
九州,2026-05-26,ソラシドエア,かごんまーべラスフリーきっぷ,2026/4/1 / ～6/27,かごんまーべラスフリーきっぷ,ＪＲ九州 ソラシドエア,ＪＲ九州,かごんまーべラスフリーきっぷ,山陽新幹線九州新幹線西九州新幹線特急･急行快速･普通ななつ星in九州或る列車かんぱち・いちろく36ぷらす3BRTひこぼしライン みずほグリーン普通車指定普通車自由普通車指定普通車自由グリーンDXグリーングリーン個室普通車指定普通車自由指定自由 ×××▲○－－×××▲○▲○××××× ○：乗車可 ●：制限あり ▲：乗車券のみ有効 / ×：乗車不可 －：設定なし / ※指定席は６回まで,,"有効期間一般Solaseed Airカード 大人小人大人小人 2日間3,500円1,500円3,150円1,350円",２日間,2026年4月1日～2026年6月27日,2026年4月1日～2026年6月28日,"ソラシドエア便：羽田発 → 鹿児島到着便 / 引換駅：鹿児島中央,隼人,国分,指宿",,"かごんまーべラスフリーきっぷ || 関連情報 | ＪＲ九州 ソラシドエア || 問合わせ | ＪＲ九州 || フリー区間 | かごんまーべラスフリーきっぷ || 利用可能設備 | 山陽新幹線九州新幹線西九州新幹線特急･急行快速･普通ななつ星in九州或る列車かんぱち・いちろく36ぷらす3BRTひこぼしライン みずほグリーン普通車指定普通車自由普通車指定普通車自由グリーンDXグリーングリーン個室普通車指定普通車自由指定自由 ×××▲○－－×××▲○▲○××××× ○：乗車可 ●：制限あり ▲：乗車券のみ有効 / ×：乗車不可 －：設定なし / ※指定席は６回まで || 制限事項 || ねだん | 有効期間一般Solaseed Airカード 大人小人大人小人 2日間3,500円1,500円3,150円1,350円 || 有効期間 | ２日間 || 発売期間 | 2026年4月1日～2026年6月27日 || 利用期間 | 2026年4月1日～2026年6月28日 || 発売箇所 | ソラシドエア便：羽田発 → 鹿児島到着便 / 引換駅：鹿児島中央,隼人,国分,指宿",https://www2s.biglobe.ne.jp/~t_aoyagi/railway/free/solaseed06.htm,https://www.solaseedair.jp/jrkyushu-freeticket/,https://www2s.biglobe.ne.jp/~t_aoyagi/railway/free/map/jrkyusyu132.gif,https://www2s.biglobe.ne.jp/~t_aoyagi/railway/free/kyusyu.htm,
九州,2026-05-26,西日本鉄道,FUKUOKA 1DAY PASS,発売中,FUKUOKA 1DAY PASS,西日本鉄道,西日本鉄道お客さまセンター TEL:0570-00-1010,FUKUOKA 1DAY PASS,,"高速バス,特急バス,コミュニティバスは乗車不可。","大人：2,980円／小人：1,490円",１日,発売中,発売中,"西鉄福岡(天神),薬院,大橋,春日原,下大利,二日市,朝倉街道,筑紫,三国が丘,西鉄小郡,宮の陣,西鉄久留米,花畑,大善寺,西鉄柳川 / 天神定期券発売所,西鉄天神バスセンター,博多バスターミナル,福岡空港バスターミナル,天神駅観光案内所,バス営業所 /",,"FUKUOKA 1DAY PASS || 関連情報 | 西日本鉄道 || 問合わせ | 西日本鉄道お客さまセンター TEL:0570-00-1010 || フリー区間 | FUKUOKA 1DAY PASS || 制限事項 | 高速バス,特急バス,コミュニティバスは乗車不可。 || ねだん | 大人：2,980円／小人：1,490円 || 有効期間 | １日 || 発売期間 | 発売中 || 利用期間 | 発売中 || 発売箇所 | 西鉄福岡(天神),薬院,大橋,春日原,下大利,二日市,朝倉街道,筑紫,三国が丘,西鉄小郡,宮の陣,西鉄久留米,花畑,大善寺,西鉄柳川 / 天神定期券発売所,西鉄天神バスセンター,博多バスターミナル,福岡空港バスターミナル,天神駅観光案内所,バス営業所 /",https://www2s.biglobe.ne.jp/~t_aoyagi/railway/free/nishitetu81.htm,http://www.ensen24.jp/kippu/32/,https://www2s.biglobe.ne.jp/~t_aoyagi/railway/free/map/nishitetu81.gif,https://www2s.biglobe.ne.jp/~t_aoyagi/railway/free/kyusyu.htm,
九州,2026-05-26,西日本鉄道,福岡(天神)⇔太宰府1日フリー乗車券,発売中,福岡(天神)⇔太宰府 / 1日フリー乗車券,my route,西日本鉄道お客さまセンター TEL:0570-00-1010,福岡(天神)⇔太宰府1日フリー乗車券,,,大人：820円／小人：420円,１日,発売中,発売中,my route Pass Case,,福岡(天神)⇔太宰府 / 1日フリー乗車券 || 関連情報 | my route || 問合わせ | 西日本鉄道お客さまセンター TEL:0570-00-1010 || フリー区間 | 福岡(天神)⇔太宰府1日フリー乗車券 || 制限事項 || ねだん | 大人：820円／小人：420円 || 有効期間 | １日 || 発売期間 | 発売中 || 利用期間 | 発売中 || 発売箇所 | my route Pass Case,https://www2s.biglobe.ne.jp/~t_aoyagi/railway/free/nishitetu21.htm,https://top.myroute.fun/ticket/fukuoka#dazaifucity | https://www.smbc-card.com/camp/passcase/index.html,https://www2s.biglobe.ne.jp/~t_aoyagi/railway/free/map/nishitetu21.gif,https://www2s.biglobe.ne.jp/~t_aoyagi/railway/free/kyusyu.htm,
九州,2026-05-26,西日本鉄道,田主丸っと もぎもぎきっぷ,終了,田主丸っと もぎもぎきっぷ,福岡MaaS,西日本鉄道お客さまセンター TEL:0570-00-1010,田主丸っと もぎもぎきっぷ,,"高速バス,特急バス,コミュニティバスは乗車不可。","大人：2,800円／小人：1,400円",１日,2024年9月1日～2024年11月3日,2024年9月1日～2024年11月3日,my route,,"田主丸っと もぎもぎきっぷ || 関連情報 | 福岡MaaS || 問合わせ | 西日本鉄道お客さまセンター TEL:0570-00-1010 || フリー区間 | 田主丸っと もぎもぎきっぷ || 制限事項 | 高速バス,特急バス,コミュニティバスは乗車不可。 || ねだん | 大人：2,800円／小人：1,400円 || 有効期間 | １日 || 発売期間 | 2024年9月1日～2024年11月3日 || 利用期間 | 2024年9月1日～2024年11月3日 || 発売箇所 | my route",https://www2s.biglobe.ne.jp/~t_aoyagi/railway/free/nishitetu84.htm,https://fukuoka-maas.jp/experimental/tanushimaru/ | https://web.myroute.fun/appLinks/ticket_detail?cd=9100798,https://www2s.biglobe.ne.jp/~t_aoyagi/railway/free/map/nishitetu84.gif,https://www2s.biglobe.ne.jp/~t_aoyagi/railway/free/kyusyu.htm,
九州,2026-05-26,北九州高速鉄道,１日乗車券,発売中,１日乗車券,北九州高速鉄道 RYDE PASS,北九州高速鉄道・企画課 TEL:093-961-0103,１日乗車券,,,大人：800円／小人：400円,１日,通年,通年,"各駅券売機,RYDE PASS",,"１日乗車券 || 関連情報 | 北九州高速鉄道 RYDE PASS || 問合わせ | 北九州高速鉄道・企画課 TEL:093-961-0103 || フリー区間 | １日乗車券 || 制限事項 || ねだん | 大人：800円／小人：400円 || 有効期間 | １日 || 発売期間 | 通年 || 利用期間 | 通年 || 発売箇所 | 各駅券売機,RYDE PASS",https://www2s.biglobe.ne.jp/~t_aoyagi/railway/free/kitamono01.htm,https://pass.ryde-go.com/products/GQV304YSJQ89 | https://www.kitakyushu-monorail.co.jp/fare/special-ticket.php,https://www2s.biglobe.ne.jp/~t_aoyagi/railway/free/gazou/kitamono01.jpg | https://www2s.biglobe.ne.jp/~t_aoyagi/railway/free/map/kitamono.gif,https://www2s.biglobe.ne.jp/~t_aoyagi/railway/free/kyusyu.htm,
九州,2026-05-26,北九州高速鉄道,開業40周年記念乗車券,終了,開業40周年記念乗車券,北九州高速鉄道,北九州高速鉄道・企画課 TEL:093-961-0103,開業40周年記念乗車券,,,"大人：1,000円 1日乗車券2枚セット",1日間×2枚,2025年1月9日～2026年1月8日,2025年1月9日～2026年1月8日,モノレール小倉駅東口,,"開業40周年記念乗車券 || 関連情報 | 北九州高速鉄道 || 問合わせ | 北九州高速鉄道・企画課 TEL:093-961-0103 || フリー区間 | 開業40周年記念乗車券 || 制限事項 || ねだん | 大人：1,000円 1日乗車券2枚セット || 有効期間 | 1日間×2枚 || 発売期間 | 2025年1月9日～2026年1月8日 || 利用期間 | 2025年1月9日～2026年1月8日 || 発売箇所 | モノレール小倉駅東口",https://www2s.biglobe.ne.jp/~t_aoyagi/railway/free/kitamono93.htm,https://www2.kitakyushu-monorail.co.jp/news/detail.php?id=602,https://www2s.biglobe.ne.jp/~t_aoyagi/railway/free/map/kitamono.gif,https://www2s.biglobe.ne.jp/~t_aoyagi/railway/free/kyusyu.htm,
九州,2026-05-26,皿倉山登山鉄道,北九州周遊パス～タッチKyushu～,2025/7/23 / ～2027/3/31,北九州周遊パス～タッチKyushu～,九州観光機構 皿倉登山鉄道,ＪＲ九州,北九州周遊パス～タッチKyushu～,山陽新幹線九州新幹線 / 西九州新幹線特急・急行快速・普通 グリーン普通車指定普通車自由グリーンDXグリーングリーン個室普通車指定普通車自由ライナー指定自由 ×××××××××▲▲○ ○：乗車可 ▲：料金券必要 ×：乗車不可 /,タッチ決済対応のクレジットカード要,"１日間 大人：2,000円 小人：2,000円 / ２日間 大人：3,000円 小人：3,000円 /",１／２日間,1日券 2025年7月23日～2026年3月31日 / 2日券 2025年7月23日～2026年3月30日,2025年7月23日～2027年3月31日,九州観光機構 Pass Case,"{""発売枚数"": ""－""}","北九州周遊パス～タッチKyushu～ || 関連情報 | 九州観光機構 皿倉登山鉄道 || 問合わせ | ＪＲ九州 || フリー区間 | 北九州周遊パス～タッチKyushu～ || 利用可能設備 | 山陽新幹線九州新幹線 / 西九州新幹線特急・急行快速・普通 グリーン普通車指定普通車自由グリーンDXグリーングリーン個室普通車指定普通車自由ライナー指定自由 ×××××××××▲▲○ ○：乗車可 ▲：料金券必要 ×：乗車不可 / || 制限事項 | タッチ決済対応のクレジットカード要 || ねだん | １日間 大人：2,000円 小人：2,000円 / ２日間 大人：3,000円 小人：3,000円 / || 有効期間 | １／２日間 || 発売期間 | 1日券 2025年7月23日～2026年3月31日 / 2日券 2025年7月23日～2026年3月30日 || 利用期間 | 2025年7月23日～2027年3月31日 || 発売箇所 | 九州観光機構 Pass Case || 発売枚数 | －",https://www2s.biglobe.ne.jp/~t_aoyagi/railway/free/jrkyusyu122.htm,https://kitakyushu-tourpass.com/ | https://www.sarakurayama-cablecar.co.jp/news/2025-7-23%e3%80%8c%e5%8c%97%e4%b9%9d%e5%b7%9e%e5%91%a8%e9%81%8a%e3%83%91%e3%82%b9%e3%80%8d%e8%b2%a9%e5%a3%b2%e9%96%8b%e5%a7%8b/ | https://www.smbc-card.com/camp/passcase/index.html,https://www2s.biglobe.ne.jp/~t_aoyagi/railway/free/map/jrkyusyu122.gif,https://www2s.biglobe.ne.jp/~t_aoyagi/railway/free/kyusyu.htm,
九州,2026-05-26,筑豊電気鉄道,へい！ちくてつ１日フリーきっぷ,発売中,へい！ちくてつ１日フリーきっぷ,平成筑豊鉄道推進協議会 筑豊電鉄九州MaaS,平成筑豊鉄道 TEL:0947-22-1000,へい！ちくてつ１日フリーきっぷ,,土日祝日および年末年始(12月30日～1月3日)はきっぷ一枚で小人1名無料で乗車可,"大人：1,600円／小人：800円",１日,通年,通年,my route,,"へい！ちくてつ１日フリーきっぷ || 関連情報 | 平成筑豊鉄道推進協議会 筑豊電鉄九州MaaS || 問合わせ | 平成筑豊鉄道 TEL:0947-22-1000 || フリー区間 | へい！ちくてつ１日フリーきっぷ || 制限事項 | 土日祝日および年末年始(12月30日～1月3日)はきっぷ一枚で小人1名無料で乗車可 || ねだん | 大人：1,600円／小人：800円 || 有効期間 | １日 || 発売期間 | 通年 || 利用期間 | 通年 || 発売箇所 | my route",https://www2s.biglobe.ne.jp/~t_aoyagi/railway/free/chikuchiku91.htm,http://www.chikutetsu.co.jp/data/topics/389_250131_heichikutetsufree%20.pdf | https://kyushu-maas.jp/ticket/1126 | https://top.myroute.fun/ticket/fukuoka#kitakyushucity | https://www.heichiku.net/d-tickets/heichikutetsu_d/,https://www2s.biglobe.ne.jp/~t_aoyagi/railway/free/map/chikuchiku.gif,https://www2s.biglobe.ne.jp/~t_aoyagi/railway/free/kyusyu.htm,
九州,2026-05-26,筑豊電気鉄道,ちくてつ24時間フリーきっぷ,発売中,ちくてつ24時間フリーきっぷ,筑豊電気鉄道 九州MaaS,筑豊電気鉄道電車営業所 TEL:093-619-3077,ちくてつ24時間フリーきっぷ,,,大人：920円／小人：460円,１日,通年,通年,my route,,ちくてつ24時間フリーきっぷ || 関連情報 | 筑豊電気鉄道 九州MaaS || 問合わせ | 筑豊電気鉄道電車営業所 TEL:093-619-3077 || フリー区間 | ちくてつ24時間フリーきっぷ || 制限事項 || ねだん | 大人：920円／小人：460円 || 有効期間 | １日 || 発売期間 | 通年 || 利用期間 | 通年 || 発売箇所 | my route,https://www2s.biglobe.ne.jp/~t_aoyagi/railway/free/chikutetsu01.htm,http://www.chikutetsu.co.jp/data/topics/390_250131_chikutetsufree%20.pdf | https://kyushu-maas.jp/ticket/1123 | https://top.myroute.fun/ticket/fukuoka#hitahiko,https://www2s.biglobe.ne.jp/~t_aoyagi/railway/free/map/chikutetsu.gif,https://www2s.biglobe.ne.jp/~t_aoyagi/railway/free/kyusyu.htm,
九州,2026-05-26,福岡市交通局,１日乗車券,発売中,１日乗車券,福岡市交通局,福岡市交通局テレホンセンター TEL:092-734-7800,福岡市交通局フリーエリア,,,大人：640円／小人：320円 /,１日,通年,通年,各駅券売機,,１日乗車券 || 関連情報 | 福岡市交通局 || 問合わせ | 福岡市交通局テレホンセンター TEL:092-734-7800 || フリー区間 | 福岡市交通局フリーエリア || 制限事項 || ねだん | 大人：640円／小人：320円 / || 有効期間 | １日 || 発売期間 | 通年 || 利用期間 | 通年 || 発売箇所 | 各駅券売機,https://www2s.biglobe.ne.jp/~t_aoyagi/railway/free/fukuoka01.htm,https://subway.city.fukuoka.lg.jp/fare/card/oneday.php,https://www2s.biglobe.ne.jp/~t_aoyagi/railway/free/gazou/fukuoka.jpg | https://www2s.biglobe.ne.jp/~t_aoyagi/railway/free/map/fukuoka.gif,https://www2s.biglobe.ne.jp/~t_aoyagi/railway/free/kyusyu.htm,
九州,2026-05-26,福岡市交通局,ファミちかきっぷ,発売中,ファミちかきっぷ,福岡市交通局 九州MaaS,福岡市交通局テレホンセンター TEL:092-734-7800,ファミちかきっぷ,,大人2名と小人(人数制限なし)が同時に利用,"1,000円",１日,通年,通年,"駅窓口,お客様サービスセンター / my route",,"ファミちかきっぷ || 関連情報 | 福岡市交通局 九州MaaS || 問合わせ | 福岡市交通局テレホンセンター TEL:092-734-7800 || フリー区間 | ファミちかきっぷ || 制限事項 | 大人2名と小人(人数制限なし)が同時に利用 || ねだん | 1,000円 || 有効期間 | １日 || 発売期間 | 通年 || 利用期間 | 通年 || 発売箇所 | 駅窓口,お客様サービスセンター / my route",https://www2s.biglobe.ne.jp/~t_aoyagi/railway/free/fukuoka15.htm,https://kyushu-maas.jp/ticket/1379 | https://subway.city.fukuoka.lg.jp/fare/card/fami.php | https://top.myroute.fun/ticket/fukuoka#fukuokacity,https://www2s.biglobe.ne.jp/~t_aoyagi/railway/free/map/fukuoka.gif,https://www2s.biglobe.ne.jp/~t_aoyagi/railway/free/kyusyu.htm,
九州,2026-05-26,福岡市交通局,ファミリーペア券,発売中,ファミリーペア券,福岡市交通局,福岡市交通局テレホンセンター TEL:092-734-7800,ファミリーペア券,,大人1名と小人1名が同時に利用,800円,１日,通年,通年,"駅窓口,お客様サービスセンター / my route",,"ファミリーペア券 || 関連情報 | 福岡市交通局 || 問合わせ | 福岡市交通局テレホンセンター TEL:092-734-7800 || フリー区間 | ファミリーペア券 || 制限事項 | 大人1名と小人1名が同時に利用 || ねだん | 800円 || 有効期間 | １日 || 発売期間 | 通年 || 利用期間 | 通年 || 発売箇所 | 駅窓口,お客様サービスセンター / my route",https://www2s.biglobe.ne.jp/~t_aoyagi/railway/free/fukuoka16.htm,https://subway.city.fukuoka.lg.jp/fare/famipair/ | https://top.myroute.fun/ticket/fukuoka#fukuokacity | https://www2s.biglobe.ne.jp/~t_aoyagi/railway/free/fukuoka01.htm | https://www2s.biglobe.ne.jp/~t_aoyagi/railway/free/fukuoka94.htm,https://www2s.biglobe.ne.jp/~t_aoyagi/railway/free/map/fukuoka.gif,https://www2s.biglobe.ne.jp/~t_aoyagi/railway/free/kyusyu.htm,
九州,2026-05-26,福岡市交通局,小学生100円パス,発売中,小学生100円パス,福岡市交通局,福岡市交通局テレホンセンター TEL 092-734-7800,小学生100円パス,,小学生限定,小人：100円,１日,土日 / 春休み：2025年3月25日～2024年4月6日 / 夏休み：2025年7月19日～2025年8月26日 / 冬休み：2025年12月24日～2026年1月6日 /,土日 / 春休み：2025年3月25日～2024年4月6日 / 夏休み：2025年7月19日～2025年8月26日 / 冬休み：2025年12月24日～2026年1月6日 /,地下鉄駅券売機,,小学生100円パス || 関連情報 | 福岡市交通局 || 問合わせ | 福岡市交通局テレホンセンター TEL 092-734-7800 || フリー区間 | 小学生100円パス || 制限事項 | 小学生限定 || ねだん | 小人：100円 || 有効期間 | １日 || 発売期間 | 土日 / 春休み：2025年3月25日～2024年4月6日 / 夏休み：2025年7月19日～2025年8月26日 / 冬休み：2025年12月24日～2026年1月6日 / || 利用期間 | 土日 / 春休み：2025年3月25日～2024年4月6日 / 夏休み：2025年7月19日～2025年8月26日 / 冬休み：2025年12月24日～2026年1月6日 / || 発売箇所 | 地下鉄駅券売機,https://www2s.biglobe.ne.jp/~t_aoyagi/railway/free/fukuoka94.htm,https://subway.city.fukuoka.lg.jp/fare/kidsticket/,https://www2s.biglobe.ne.jp/~t_aoyagi/railway/free/map/fukuoka.gif,https://www2s.biglobe.ne.jp/~t_aoyagi/railway/free/kyusyu.htm,
九州,2026-05-26,平成筑豊鉄道,ちくまるキップ,発売中,ちくまるキップ,平成筑豊鉄道推進協議会,平成筑豊鉄道 TEL:0947-22-1000,ちくまるキップ,,,"大人：1,500円／小人：800円 / 「ＳＵＮＱパス」提示の場合、大人：500円／小人：250円",１日,通年,通年,駅窓口・列車内 / 中泉駅（おしゃれステーションフジタ）,,"ちくまるキップ || 関連情報 | 平成筑豊鉄道推進協議会 || 問合わせ | 平成筑豊鉄道 TEL:0947-22-1000 || フリー区間 | ちくまるキップ || 制限事項 || ねだん | 大人：1,500円／小人：800円 / 「ＳＵＮＱパス」提示の場合、大人：500円／小人：250円 || 有効期間 | １日 || 発売期間 | 通年 || 利用期間 | 通年 || 発売箇所 | 駅窓口・列車内 / 中泉駅（おしゃれステーションフジタ）",https://www2s.biglobe.ne.jp/~t_aoyagi/railway/free/tikuho02.htm,http://www.heichiku.net/d-tickets/1dayfree/ | https://www.sunqpass.jp/,https://www2s.biglobe.ne.jp/~t_aoyagi/railway/free/map/heitiku.gif,https://www2s.biglobe.ne.jp/~t_aoyagi/railway/free/kyusyu.htm,
九州,2026-05-26,平成筑豊鉄道,へい！ちくてつ１日フリーきっぷ,発売中,へい！ちくてつ１日フリーきっぷ,平成筑豊鉄道推進協議会 筑豊電鉄九州MaaS,平成筑豊鉄道 TEL:0947-22-1000,へい！ちくてつ１日フリーきっぷ,,土日祝日および年末年始(12月30日～1月3日)はきっぷ一枚で小人1名無料で乗車可,"大人：1,600円／小人：800円",１日,通年,通年,my route,,"へい！ちくてつ１日フリーきっぷ || 関連情報 | 平成筑豊鉄道推進協議会 筑豊電鉄九州MaaS || 問合わせ | 平成筑豊鉄道 TEL:0947-22-1000 || フリー区間 | へい！ちくてつ１日フリーきっぷ || 制限事項 | 土日祝日および年末年始(12月30日～1月3日)はきっぷ一枚で小人1名無料で乗車可 || ねだん | 大人：1,600円／小人：800円 || 有効期間 | １日 || 発売期間 | 通年 || 利用期間 | 通年 || 発売箇所 | my route",https://www2s.biglobe.ne.jp/~t_aoyagi/railway/free/chikuchiku91.htm,http://www.chikutetsu.co.jp/data/topics/389_250131_heichikutetsufree%20.pdf | https://kyushu-maas.jp/ticket/1126 | https://top.myroute.fun/ticket/fukuoka#kitakyushucity | https://www.heichiku.net/d-tickets/heichikutetsu_d/,https://www2s.biglobe.ne.jp/~t_aoyagi/railway/free/map/chikuchiku.gif,https://www2s.biglobe.ne.jp/~t_aoyagi/railway/free/kyusyu.htm,
九州,2026-05-26,平成筑豊鉄道,(門司港レトロライン)１日フリーきっぷ,2025/4/1 / ～2026/3/31,１日フリーきっぷ,門司港レトロ観光列車潮風号,平成筑豊鉄道 TEL:0947-22-1000,１日フリーきっぷ,,,"大人：1,000円／小人：500円",１日,2026年4月1日～2027年3月31日,"2026年4月1日～2027年3月31日の土・日・祝日 / (1月1日,1月3日～1月4日は運休) / 4月29日～5月10日,8月8日～8月16日は毎日運行","九州鉄道記念館駅,関門海峡めかり駅,潮風号車内",,"１日フリーきっぷ || 関連情報 | 門司港レトロ観光列車潮風号 || 問合わせ | 平成筑豊鉄道 TEL:0947-22-1000 || フリー区間 | １日フリーきっぷ || 制限事項 || ねだん | 大人：1,000円／小人：500円 || 有効期間 | １日 || 発売期間 | 2026年4月1日～2027年3月31日 || 利用期間 | 2026年4月1日～2027年3月31日の土・日・祝日 / (1月1日,1月3日～1月4日は運休) / 4月29日～5月10日,8月8日～8月16日は毎日運行 || 発売箇所 | 九州鉄道記念館駅,関門海峡めかり駅,潮風号車内",https://www2s.biglobe.ne.jp/~t_aoyagi/railway/free/mojiko.htm,https://www.retro-line.net/value_tickets/1day-pass/,https://www2s.biglobe.ne.jp/~t_aoyagi/railway/free/map/mojiko.gif,https://www2s.biglobe.ne.jp/~t_aoyagi/railway/free/kyusyu.htm,
九州,2026-05-26,平成筑豊鉄道,北九州銀行レトロライン「潮風号」きっぷ /,2025/4/1 / ～2026/3/31,北九州銀行レトロライン「潮風号」きっぷ,門司港レトロ観光列車潮風号,平成筑豊鉄道 TEL:0947-22-1000,北九州銀行レトロライン「潮風号」きっぷ,,"山口フィナンシャルグループのキャッシュカード・通帳・店頭に設置したチラシ,九州鉄道記念館,出光美術館の入館チケット,ぐるリッチ,北九州ウェルカムブック,ＪＲ九州レールパス（全九州版・北部九州版・福岡ワイド版）,ＳＵＮＱパス（全九州版・北部九州版）,井筒屋ウィズカード / のいずれかを購入時に窓口ご提示した場合に発売",大人：500円／小人：250円,１日,2025年4月1日～2026年3月31日,"2025年4月1日～2026年3月31日の土・日・祝日 / (1月1日,1月3日～1月4日は運休) / 4月26日～5月6日,8月9日～8月17日は毎日運行","九州鉄道記念館駅,関門海峡めかり駅,潮風号車内",,"北九州銀行レトロライン「潮風号」きっぷ || 関連情報 | 門司港レトロ観光列車潮風号 || 問合わせ | 平成筑豊鉄道 TEL:0947-22-1000 || フリー区間 | 北九州銀行レトロライン「潮風号」きっぷ || 制限事項 | 山口フィナンシャルグループのキャッシュカード・通帳・店頭に設置したチラシ,九州鉄道記念館,出光美術館の入館チケット,ぐるリッチ,北九州ウェルカムブック,ＪＲ九州レールパス（全九州版・北部九州版・福岡ワイド版）,ＳＵＮＱパス（全九州版・北部九州版）,井筒屋ウィズカード / のいずれかを購入時に窓口ご提示した場合に発売 || ねだん | 大人：500円／小人：250円 || 有効期間 | １日 || 発売期間 | 2025年4月1日～2026年3月31日 || 利用期間 | 2025年4月1日～2026年3月31日の土・日・祝日 / (1月1日,1月3日～1月4日は運休) / 4月26日～5月6日,8月9日～8月17日は毎日運行 || 発売箇所 | 九州鉄道記念館駅,関門海峡めかり駅,潮風号車内",https://www2s.biglobe.ne.jp/~t_aoyagi/railway/free/mojiko02.htm,https://www.retro-line.net/value_tickets/shiokaze_ticket/,https://www2s.biglobe.ne.jp/~t_aoyagi/railway/free/map/mojiko.gif,https://www2s.biglobe.ne.jp/~t_aoyagi/railway/free/kyusyu.htm,
九州,2026-05-26,平成筑豊鉄道,へいちくフェスタ乗り放題きっぷ,終了,へいちくフェスタ乗り放題きっぷ,平成筑豊鉄道,平成筑豊鉄道 TEL:0947-22-1000,へいちくフェスタ乗り放題きっぷ,,,"大人：1,000円",2日間,平成27年10月3日～平成27年10月25日,平成27年10月24日～平成27年10月25日,金田,,"へいちくフェスタ乗り放題きっぷ || 関連情報 | 平成筑豊鉄道 || 問合わせ | 平成筑豊鉄道 TEL:0947-22-1000 || フリー区間 | へいちくフェスタ乗り放題きっぷ || 制限事項 || ねだん | 大人：1,000円 || 有効期間 | 2日間 || 発売期間 | 平成27年10月3日～平成27年10月25日 || 利用期間 | 平成27年10月24日～平成27年10月25日 || 発売箇所 | 金田",https://www2s.biglobe.ne.jp/~t_aoyagi/railway/free/tikuho93.htm,http://www.heichiku.net/wp-content/uploads/2015/09/festa2015-kippu.pdf,https://www2s.biglobe.ne.jp/~t_aoyagi/railway/free/map/heitiku.gif,https://www2s.biglobe.ne.jp/~t_aoyagi/railway/free/kyusyu.htm,
九州,2026-05-26,甘木鉄道,甘鉄一日フリー乗車券,発売中,甘鉄一日フリー乗車券,甘木鉄道,甘木鉄道 TEL:0946-23-1111,甘木鉄道,,,大人：860円／小人：430円,１日,通年,通年,"甘木駅,小郡販売所",,"甘鉄一日フリー乗車券 || 関連情報 | 甘木鉄道 || 問合わせ | 甘木鉄道 TEL:0946-23-1111 || フリー区間 | 甘木鉄道 || 制限事項 || ねだん | 大人：860円／小人：430円 || 有効期間 | １日 || 発売期間 | 通年 || 利用期間 | 通年 || 発売箇所 | 甘木駅,小郡販売所",https://www2s.biglobe.ne.jp/~t_aoyagi/railway/free/amatetu01.htm,http://www.amatetsu.jp/fare/index.html,https://www2s.biglobe.ne.jp/~t_aoyagi/railway/free/map/amagi.gif,https://www2s.biglobe.ne.jp/~t_aoyagi/railway/free/kyusyu.htm,
九州,2026-05-26,松浦鉄道,松浦鉄道１日乗車券,発売中,松浦鉄道１日乗車券,松浦鉄道 ジョルダンモバイルチケット my route,松浦鉄道営業部駅務課 TEL:0956-25-2229,松浦鉄道１日乗車券,,,"大人：2,500円／小人：500円",１日,通年,通年,"有田,伊万里,松浦,たびら平戸口,佐々,佐世保中央,佐世保 / 車内 / ジョルダンモバイルチケット my route",,"松浦鉄道１日乗車券 || 関連情報 | 松浦鉄道 ジョルダンモバイルチケット my route || 問合わせ | 松浦鉄道営業部駅務課 TEL:0956-25-2229 || フリー区間 | 松浦鉄道１日乗車券 || 制限事項 || ねだん | 大人：2,500円／小人：500円 || 有効期間 | １日 || 発売期間 | 通年 || 利用期間 | 通年 || 発売箇所 | 有田,伊万里,松浦,たびら平戸口,佐々,佐世保中央,佐世保 / 車内 / ジョルダンモバイルチケット my route",https://www2s.biglobe.ne.jp/~t_aoyagi/railway/free/matuura01.htm,https://matutetu.com/pages/744/ | https://ticket.jorudan.co.jp/matsutetsu/1d/ja/ | https://top.myroute.fun/ticket/nagasaki#kujukuislands | https://www.myroute.fun/,https://www2s.biglobe.ne.jp/~t_aoyagi/railway/free/gazou/matusura01.jpg | https://www2s.biglobe.ne.jp/~t_aoyagi/railway/free/gazou/matuura.jpg | https://www2s.biglobe.ne.jp/~t_aoyagi/railway/free/map/matuura.gif,https://www2s.biglobe.ne.jp/~t_aoyagi/railway/free/kyusyu.htm,
九州,2026-05-26,松浦鉄道,西肥バス・させぼバス・松浦鉄道 1 日乗車券,発売中,西肥バス・させぼバス・松浦鉄道 1 日乗車券,松浦鉄道 させぼバス 西肥バス,松浦鉄道 TEL:0956-25-3900,西肥バス・させぼバス・松浦鉄道 1 日乗車券,,,"大人：4,000円／小人：2,000円",１日,通年,通年,my route,,"西肥バス・させぼバス・松浦鉄道 1 日乗車券 || 関連情報 | 松浦鉄道 させぼバス 西肥バス || 問合わせ | 松浦鉄道 TEL:0956-25-3900 || フリー区間 | 西肥バス・させぼバス・松浦鉄道 1 日乗車券 || 制限事項 || ねだん | 大人：4,000円／小人：2,000円 || 有効期間 | １日 || 発売期間 | 通年 || 利用期間 | 通年 || 発売箇所 | my route",https://www2s.biglobe.ne.jp/~t_aoyagi/railway/free/matuura04.htm,https://matutetu.com/files/libs/5202/202410281037368164.pdf | https://top.myroute.fun/ticket/nagasaki | https://www.bus.saihigroup.co.jp/cms/wp-content/uploads/2024/07/%E8%A5%BF%E8%82%A5%E3%83%90%E3%82%B9%E3%83%BB%E3%81%95%E3%81%9B%E3%81%BC%E3%83%90%E3%82%B9%E3%83%BB%E6%9D%BE%E6%B5%A6%E9%89%84%E9%81%931%E6%97%A5%E4%B9%97%E8%BB%8A%E5%88%B8%E7%99%BA%E5%A3%B2%E9%96%8B%E5%A7%8B.pdf,https://www2s.biglobe.ne.jp/~t_aoyagi/railway/free/map/matsuura04.gif,https://www2s.biglobe.ne.jp/~t_aoyagi/railway/free/kyusyu.htm,
九州,2026-05-26,松浦鉄道,シルバー会員専用１日乗車券,発売中,シルバー会員専用１日乗車券,松浦鉄道,松浦鉄道 TEL:0956-25-3900,シルバー会員専用１日乗車券,,"松浦鉄道シルバークラブ(入会金1,000円,更新料500円、満65歳以上の男女)への入会が必須。","大人：1,500円",１日,通年,通年,"有田,伊万里,松浦,たびら平戸口,佐々,佐世保中央,佐世保",,"シルバー会員専用１日乗車券 || 関連情報 | 松浦鉄道 || 問合わせ | 松浦鉄道 TEL:0956-25-3900 || フリー区間 | シルバー会員専用１日乗車券 || 制限事項 | 松浦鉄道シルバークラブ(入会金1,000円,更新料500円、満65歳以上の男女)への入会が必須。 || ねだん | 大人：1,500円 || 有効期間 | １日 || 発売期間 | 通年 || 利用期間 | 通年 || 発売箇所 | 有田,伊万里,松浦,たびら平戸口,佐々,佐世保中央,佐世保",https://www2s.biglobe.ne.jp/~t_aoyagi/railway/free/matuura03.htm,https://matutetu.com/pages/745/,https://www2s.biglobe.ne.jp/~t_aoyagi/railway/free/map/matuura.gif,https://www2s.biglobe.ne.jp/~t_aoyagi/railway/free/kyusyu.htm,
九州,2026-05-26,松浦鉄道,松浦鉄道コロプラ1日フリーきっぷ,～2027/3/31,松浦鉄道コロプラ1日フリーきっぷ,松浦鉄道 コロプラ,松浦鉄道・佐世保駅 TEL:0956-25-2229,松浦鉄道コロプラ1日フリーきっぷ,,,"大人：3,000円",１日,2014年6月1日～2026年3月31日,2014年6月1日～2026年3月31日,"有田,伊万里,松浦,たびら平戸口,佐々,佐世保中央,佐世保",,"松浦鉄道コロプラ1日フリーきっぷ || 関連情報 | 松浦鉄道 コロプラ || 問合わせ | 松浦鉄道・佐世保駅 TEL:0956-25-2229 || フリー区間 | 松浦鉄道コロプラ1日フリーきっぷ || 制限事項 || ねだん | 大人：3,000円 || 有効期間 | １日 || 発売期間 | 2014年6月1日～2026年3月31日 || 利用期間 | 2014年6月1日～2026年3月31日 || 発売箇所 | 有田,伊万里,松浦,たびら平戸口,佐々,佐世保中央,佐世保",https://www2s.biglobe.ne.jp/~t_aoyagi/railway/free/matuura81.htm,https://colopl.co.jp/service/other/coloca/transport/area06/norimono_matsuura/,https://www2s.biglobe.ne.jp/~t_aoyagi/railway/free/map/matuura.gif,https://www2s.biglobe.ne.jp/~t_aoyagi/railway/free/kyusyu.htm,
九州,2026-05-26,松浦鉄道,二陶巡り旅,終了,二陶巡り旅,松浦鉄道,松浦鉄道 TEL:0956-25-3900,二陶巡り旅,,祝日は利用不可,大人：500円／小人：---円,１日,2024年8月1日～2024年12月22日,2024年8月1日～2024年12月22日の土日,my route,,二陶巡り旅 || 関連情報 | 松浦鉄道 || 問合わせ | 松浦鉄道 TEL:0956-25-3900 || フリー区間 | 二陶巡り旅 || 制限事項 | 祝日は利用不可 || ねだん | 大人：500円／小人：---円 || 有効期間 | １日 || 発売期間 | 2024年8月1日～2024年12月22日 || 利用期間 | 2024年8月1日～2024年12月22日の土日 || 発売箇所 | my route,https://www2s.biglobe.ne.jp/~t_aoyagi/railway/free/matuura82.htm,https://matutetu.com/files/libs/5194/202410231411068333.pdf | https://www.myroute.fun/,https://www2s.biglobe.ne.jp/~t_aoyagi/railway/free/map/matsuura82.gif,https://www2s.biglobe.ne.jp/~t_aoyagi/railway/free/kyusyu.htm,
九州,2026-05-26,松浦鉄道,佐世保市内・佐々町内共通1日乗車券,終了,佐世保市内・佐々町内共通1日乗車券,西肥バス,佐世保市企画部地域交通課 TEL:0956-24-1111,佐世保市内・佐々町内共通1日乗車券,,,大人：500円／小人：250円,１日,2018年11月1日～2018年11月17日,2018年11月17日,"松浦鉄道：佐世保駅,佐世保中央駅 / 佐世保市交通局：佐世保駅前市営バスセンター、島瀬定期券売場 / 西肥バス：佐世保駅前バスセンター,大野,早岐田子の浦,江迎",,"佐世保市内・佐々町内共通1日乗車券 || 関連情報 | 西肥バス || 問合わせ | 佐世保市企画部地域交通課 TEL:0956-24-1111 || フリー区間 | 佐世保市内・佐々町内共通1日乗車券 || 制限事項 || ねだん | 大人：500円／小人：250円 || 有効期間 | １日 || 発売期間 | 2018年11月1日～2018年11月17日 || 利用期間 | 2018年11月17日 || 発売箇所 | 松浦鉄道：佐世保駅,佐世保中央駅 / 佐世保市交通局：佐世保駅前市営バスセンター、島瀬定期券売場 / 西肥バス：佐世保駅前バスセンター,大野,早岐田子の浦,江迎",https://www2s.biglobe.ne.jp/~t_aoyagi/railway/free/sasebo.htm,http://www.bus.saihigroup.co.jp/cms/wp-content/uploads/2018/10/1810%E3%81%B5%E3%82%8C%E3%81%82%E3%81%84%E3%83%95%E3%82%A7%E3%82%B9%E3%82%BF%E3%83%81%E3%83%A9%E3%82%B7.pdf,https://www2s.biglobe.ne.jp/~t_aoyagi/railway/free/map/sasebo.gif,https://www2s.biglobe.ne.jp/~t_aoyagi/railway/free/kyusyu.htm,
九州,2026-05-26,松浦鉄道,こどもわくわく100えんきっぷ,終了,こどもわくわく100えんきっぷ,松浦鉄道,松浦鉄道・佐世保駅 TEL:0956-25-2229,こどもわくわく100えんきっぷ,,,小人：100円,１日,2025年12月20日～2026年1月12日,2025年12月25日～2026年1月12日,"有田,伊万里,松浦,たびら平戸口,佐々,佐世保中央,佐世保",,"こどもわくわく100えんきっぷ || 関連情報 | 松浦鉄道 || 問合わせ | 松浦鉄道・佐世保駅 TEL:0956-25-2229 || フリー区間 | こどもわくわく100えんきっぷ || 制限事項 || ねだん | 小人：100円 || 有効期間 | １日 || 発売期間 | 2025年12月20日～2026年1月12日 || 利用期間 | 2025年12月25日～2026年1月12日 || 発売箇所 | 有田,伊万里,松浦,たびら平戸口,佐々,佐世保中央,佐世保",https://www2s.biglobe.ne.jp/~t_aoyagi/railway/free/matuura83.htm,https://matutetu.com/,https://www2s.biglobe.ne.jp/~t_aoyagi/railway/free/map/matuura.gif,https://www2s.biglobe.ne.jp/~t_aoyagi/railway/free/kyusyu.htm,
九州,2026-05-26,長崎電気軌道 /,電車一日乗車券,発売中,一日乗車券,長崎電気軌道 / ジョルダンモバイルチケット my route RYDE PASS,長崎電気軌道 TEL:095-845-4111,長崎電気軌道,,,大人：600円／小人：300円,１日,通年,通年,駅前の観光協会，主なホテル，長崎駅構内 / ジョルダンモバイルチケット my route RYDE PASS Pass Case STLOCAL,,一日乗車券 || 関連情報 | 長崎電気軌道 / ジョルダンモバイルチケット my route RYDE PASS || 問合わせ | 長崎電気軌道 TEL:095-845-4111 || フリー区間 | 長崎電気軌道 || 制限事項 || ねだん | 大人：600円／小人：300円 || 有効期間 | １日 || 発売期間 | 通年 || 利用期間 | 通年 || 発売箇所 | 駅前の観光協会，主なホテル，長崎駅構内 / ジョルダンモバイルチケット my route RYDE PASS Pass Case STLOCAL,https://www2s.biglobe.ne.jp/~t_aoyagi/railway/free/nagasaki01.htm,http://www.naga-den.com/smarts/index/12 | https://pass.ryde-go.com/products/GQV304YS5589 | https://stlocal.net/nagasaki/ticket/1 | https://ticket.jorudan.co.jp/naga-den/ja/ | https://top.myroute.fun/ticket/nagasaki#nagasakicity | https://www.smbc-card.com/camp/passcase/index.html,https://www2s.biglobe.ne.jp/~t_aoyagi/railway/free/gazou/nagasaki.jpg | https://www2s.biglobe.ne.jp/~t_aoyagi/railway/free/map/nagasaki.gif,https://www2s.biglobe.ne.jp/~t_aoyagi/railway/free/kyusyu.htm,
九州,2026-05-26,長崎電気軌道 /,24時間乗車券,発売中,24時間乗車券,長崎電気軌道 ジョルダンモバイルチケット my route RYDE PASS STLOCAL,長崎電気軌道 TEL:095-845-4111,24時間乗車券,,,大人：700円／小人：350円,利用開始後24時間,通年,通年,ジョルダンモバイルチケット my route RYDE PASS STLOCAL,,24時間乗車券 || 関連情報 | 長崎電気軌道 ジョルダンモバイルチケット my route RYDE PASS STLOCAL || 問合わせ | 長崎電気軌道 TEL:095-845-4111 || フリー区間 | 24時間乗車券 || 制限事項 || ねだん | 大人：700円／小人：350円 || 有効期間 | 利用開始後24時間 || 発売期間 | 通年 || 利用期間 | 通年 || 発売箇所 | ジョルダンモバイルチケット my route RYDE PASS STLOCAL,https://www2s.biglobe.ne.jp/~t_aoyagi/railway/free/nagasaki02.htm,http://www.naga-den.com/publics/index/11/ | https://pass.ryde-go.com/products/09G8M61SX0RW | https://stlocal.net/nagasaki/ticket/2 | https://ticket.jorudan.co.jp/naga-den/ja/ | https://top.myroute.fun/ticket/nagasaki#nagasakicity,https://www2s.biglobe.ne.jp/~t_aoyagi/railway/free/map/nagasaki.gif,https://www2s.biglobe.ne.jp/~t_aoyagi/railway/free/kyusyu.htm,
九州,2026-05-26,長崎電気軌道 /,長崎電気軌道×乗合タクシー24時間券,発売中,長崎電気軌道×乗合タクシー24時間券,長崎電気軌道,長崎電気軌道 TEL:095-845-4111,長崎電気軌道×乗合タクシー24時間券,,,"大人：1,000円",利用開始後24時間,通年,通年,Pass Case,,"長崎電気軌道×乗合タクシー24時間券 || 関連情報 | 長崎電気軌道 || 問合わせ | 長崎電気軌道 TEL:095-845-4111 || フリー区間 | 長崎電気軌道×乗合タクシー24時間券 || 制限事項 || ねだん | 大人：1,000円 || 有効期間 | 利用開始後24時間 || 発売期間 | 通年 || 利用期間 | 通年 || 発売箇所 | Pass Case",https://www2s.biglobe.ne.jp/~t_aoyagi/railway/free/nagasaki04.htm,http://www.naga-den.com/publics/index/11/ | https://www.smbc-card.com/camp/passcase/index.html,https://www2s.biglobe.ne.jp/~t_aoyagi/railway/free/map/nagasaki04.gif,https://www2s.biglobe.ne.jp/~t_aoyagi/railway/free/kyusyu.htm,
九州,2026-05-26,長崎電気軌道 /,LUCA路面電車フリーパス,終了,LUCA路面電車フリーパス,長崎電気軌道 RYDE PASS,長崎電気軌道電車事業部運転課 TEL:095-845-4113,LUCA路面電車フリーパス,,,"大人：1,400円／小人：700円",指定の5日間,2024年9月30日～2024年10月27日,"2024年10月4日,10月4日,10月25日,10月26日,10月27日",RYDE PASS,,"LUCA路面電車フリーパス || 関連情報 | 長崎電気軌道 RYDE PASS || 問合わせ | 長崎電気軌道電車事業部運転課 TEL:095-845-4113 || フリー区間 | LUCA路面電車フリーパス || 制限事項 || ねだん | 大人：1,400円／小人：700円 || 有効期間 | 指定の5日間 || 発売期間 | 2024年9月30日～2024年10月27日 || 利用期間 | 2024年10月4日,10月4日,10月25日,10月26日,10月27日 || 発売箇所 | RYDE PASS",https://www2s.biglobe.ne.jp/~t_aoyagi/railway/free/nagasaki92.htm,https://pass.ryde-go.com/products/17894ZSGXZR0 | https://www.naga-den.com/pages/1307/,https://www2s.biglobe.ne.jp/~t_aoyagi/railway/free/map/nagasaki.gif,https://www2s.biglobe.ne.jp/~t_aoyagi/railway/free/kyusyu.htm,
九州,2026-05-26,長崎電気軌道 /,ヴィヴィくんの路面電車フリーパス,終了,ヴィヴィくんの路面電車フリーパス,長崎電気軌道 RYDE PASS,長崎電気軌道電車事業部運転課 TEL:095-845-4113,ヴィヴィくんの路面電車フリーパス,,,大人：840円／小人：420円,指定の3日間,2024年9月30日～2024年11月10日,"2024年10月6日,10月27日,11月10日",RYDE PASS,,"ヴィヴィくんの路面電車フリーパス || 関連情報 | 長崎電気軌道 RYDE PASS || 問合わせ | 長崎電気軌道電車事業部運転課 TEL:095-845-4113 || フリー区間 | ヴィヴィくんの路面電車フリーパス || 制限事項 || ねだん | 大人：840円／小人：420円 || 有効期間 | 指定の3日間 || 発売期間 | 2024年9月30日～2024年11月10日 || 利用期間 | 2024年10月6日,10月27日,11月10日 || 発売箇所 | RYDE PASS",https://www2s.biglobe.ne.jp/~t_aoyagi/railway/free/nagasaki93.htm,https://pass.ryde-go.com/products/VM8LPZS6K9RP | https://www.naga-den.com/pages/1307/,https://www2s.biglobe.ne.jp/~t_aoyagi/railway/free/map/nagasaki.gif,https://www2s.biglobe.ne.jp/~t_aoyagi/railway/free/kyusyu.htm,
九州,2026-05-26,長崎電気軌道 /,夏休みわくわくパス 【小中学生限定】,終了,夏休みわくわくパス,長崎電気軌道,長崎電気軌道電車事業部運転課 TEL:095-845-4113,夏休みわくわくパス,,小学生は健康保険証など公的証明書が必要 中学生は在学を証明するもの（生徒手帳など）が必要ｎｉｍｏｃａが必要,"中学生：4,680円／小人：2,160円",利用期間中の毎日,2025年7月4日～2025年8月10日,2025年7月19日～2025年8月31日,"浦上車庫営業所，蛍茶屋営業所，西浜町臨時販売所,赤迫臨時販売所",,"夏休みわくわくパス || 関連情報 | 長崎電気軌道 || 問合わせ | 長崎電気軌道電車事業部運転課 TEL:095-845-4113 || フリー区間 | 夏休みわくわくパス || 制限事項 | 小学生は健康保険証など公的証明書が必要 中学生は在学を証明するもの（生徒手帳など）が必要ｎｉｍｏｃａが必要 || ねだん | 中学生：4,680円／小人：2,160円 || 有効期間 | 利用期間中の毎日 || 発売期間 | 2025年7月4日～2025年8月10日 || 利用期間 | 2025年7月19日～2025年8月31日 || 発売箇所 | 浦上車庫営業所，蛍茶屋営業所，西浜町臨時販売所,赤迫臨時販売所",https://www2s.biglobe.ne.jp/~t_aoyagi/railway/free/nagasaki91.htm,https://www.naga-den.com/pages/969,https://www2s.biglobe.ne.jp/~t_aoyagi/railway/free/map/nagasaki.gif,https://www2s.biglobe.ne.jp/~t_aoyagi/railway/free/kyusyu.htm,
九州,2026-05-26,島原鉄道,SHIMATETSU FREE PASS,発売中,SHIMATETSU FREE PASS,島原鉄道,島原鉄道・総合案内所 TEL:0957-62-4705,SHIMATETSU FREE PASS,,"島鉄高速バス,高速船を除く","1日間 大人：3,700円 /",1日間,通年,通年 /,"諫早,本諫早,愛野,多比良,島原(総合案内所),島原船津 / 口之津営業所,小浜バスターミナル,口之津港ターミナル,鬼池港営業所 / 諫早ターミナルホテル,北有馬ショッピングセンターパロス / 島原港観光案内所",,"SHIMATETSU FREE PASS || 関連情報 | 島原鉄道 || 問合わせ | 島原鉄道・総合案内所 TEL:0957-62-4705 || フリー区間 | SHIMATETSU FREE PASS || 制限事項 | 島鉄高速バス,高速船を除く || ねだん | 1日間 大人：3,700円 / || 有効期間 | 1日間 || 発売期間 | 通年 || 利用期間 | 通年 / || 発売箇所 | 諫早,本諫早,愛野,多比良,島原(総合案内所),島原船津 / 口之津営業所,小浜バスターミナル,口之津港ターミナル,鬼池港営業所 / 諫早ターミナルホテル,北有馬ショッピングセンターパロス / 島原港観光案内所",https://www2s.biglobe.ne.jp/~t_aoyagi/railway/free/simabara07.htm,https://www.shimatetsu.co.jp/railway/special-ticket/,https://www2s.biglobe.ne.jp/~t_aoyagi/railway/free/map/shimabara.gif,https://www2s.biglobe.ne.jp/~t_aoyagi/railway/free/kyusyu.htm,
九州,2026-05-26,島原鉄道,しまてつスきっぷ 【小中高生限定】,発売中,しまてつスきっぷ,島原鉄道,島原鉄道 TEL:0957-62-2232,島原鉄道,,島鉄高速バスを除く,"小・中・高生：1,500円",1日間,通年,土・日・祝日 / 春・夏・冬休み期間,"諫早,本諫早,愛野,多比良,島原(総合案内所),島原船津 / 口之津営業所,小浜バスターミナル,口之津港ターミナル,鬼池港営業所 / 諫早ターミナルホテル,北有馬ショッピングセンターパロス",,"しまてつスきっぷ || 関連情報 | 島原鉄道 || 問合わせ | 島原鉄道 TEL:0957-62-2232 || フリー区間 | 島原鉄道 || 制限事項 | 島鉄高速バスを除く || ねだん | 小・中・高生：1,500円 || 有効期間 | 1日間 || 発売期間 | 通年 || 利用期間 | 土・日・祝日 / 春・夏・冬休み期間 || 発売箇所 | 諫早,本諫早,愛野,多比良,島原(総合案内所),島原船津 / 口之津営業所,小浜バスターミナル,口之津港ターミナル,鬼池港営業所 / 諫早ターミナルホテル,北有馬ショッピングセンターパロス",https://www2s.biglobe.ne.jp/~t_aoyagi/railway/free/simabara12.htm,https://www.shimatetsu.co.jp/railway/special-ticket/,https://www2s.biglobe.ne.jp/~t_aoyagi/railway/free/map/shimabara.gif,https://www2s.biglobe.ne.jp/~t_aoyagi/railway/free/kyusyu.htm,
九州,2026-05-26,島原鉄道,島原鉄道乗り物コロカ1 日フリーきっぷ,～2027/3/31,島原鉄道 / 乗り物コロカ1 日フリーきっぷ,島原鉄道 コロプラ,島原鉄道営業部鉄道課 TEL:0957-62-2232,島原鉄道乗り物コロカ1 日フリーきっぷ,,,"大人：3,800円",１日間,2014年4月1日～2027年3月31日,2014年4月1日～2027年3月31日,"本諫早,島原",,"島原鉄道 / 乗り物コロカ1 日フリーきっぷ || 関連情報 | 島原鉄道 コロプラ || 問合わせ | 島原鉄道営業部鉄道課 TEL:0957-62-2232 || フリー区間 | 島原鉄道乗り物コロカ1 日フリーきっぷ || 制限事項 || ねだん | 大人：3,800円 || 有効期間 | １日間 || 発売期間 | 2014年4月1日～2027年3月31日 || 利用期間 | 2014年4月1日～2027年3月31日 || 発売箇所 | 本諫早,島原",https://www2s.biglobe.ne.jp/~t_aoyagi/railway/free/simabara91.htm,https://colopl.co.jp/service/other/coloca/transport/area06/norimono_shimabara/,https://www2s.biglobe.ne.jp/~t_aoyagi/railway/free/map/simabara94.gif,https://www2s.biglobe.ne.jp/~t_aoyagi/railway/free/kyusyu.htm,
九州,2026-05-26,熊本市交通局 / 熊本電鉄 / 産交バス / 熊本都市バス,わくわく1dayパス,発売中,わくわく1dayパス,熊本市交通局 熊本電鉄 産交バス 熊本都市バス,,わくわく1dayパス,,,"区間指定① 大人：800円／小人：---円 / 区間指定② 大人：1,000円／小人：---円 / 熊本県内版 大人：2,200円／小人：---円",１日間,通年,通年,"熊本市交通局営業窓口 熊本電鉄営業窓口,電鉄バス車内および電鉄電車内 産交バス営業窓口 熊本都市バス営業窓口 熊本駅総合観光案内所,桜町バスターミナル２Fバス案内所","{""問い合わせ"": ""熊本市交通局 TEL:096-361-5233 / 熊本電鉄 TEL:096-343-2552 / 電鉄バス：096-343-3023 / 産交バス TEL096-325-0100 / 熊本都市バス TEL:096-312-5077 / 熊本バス：096-378-3447""}","わくわく1dayパス || 関連情報 | 熊本市交通局 熊本電鉄 産交バス 熊本都市バス || 問い合わせ | 熊本市交通局 TEL:096-361-5233 / 熊本電鉄 TEL:096-343-2552 / 電鉄バス：096-343-3023 / 産交バス TEL096-325-0100 / 熊本都市バス TEL:096-312-5077 / 熊本バス：096-378-3447 || フリー区間 | わくわく1dayパス || 制限事項 || ねだん | 区間指定① 大人：800円／小人：---円 / 区間指定② 大人：1,000円／小人：---円 / 熊本県内版 大人：2,200円／小人：---円 || 有効期間 | １日間 || 発売期間 | 通年 || 利用期間 | 通年 || 発売箇所 | 熊本市交通局営業窓口 熊本電鉄営業窓口,電鉄バス車内および電鉄電車内 産交バス営業窓口 熊本都市バス営業窓口 熊本駅総合観光案内所,桜町バスターミナル２Fバス案内所",https://www2s.biglobe.ne.jp/~t_aoyagi/railway/free/kumamoto01.htm,http://www.kotsu-kumamoto.jp/kihon/pub/detail.aspx?c_id=66&id=1433&pg=1 | http://www.kumamoto-toshibus.co.jp/ticket/index.php | https://www.kumamotodentetsu.co.jp/ticket/wakuwakupass/index.html | https://www.kyusanko.co.jp/sankobus/ticket/wakuwakupass/,https://www2s.biglobe.ne.jp/~t_aoyagi/railway/free/gazou/kumamoto_area1.jpg | https://www2s.biglobe.ne.jp/~t_aoyagi/railway/free/gazou/kumamoto_wide.jpg | https://www2s.biglobe.ne.jp/~t_aoyagi/railway/free/map/kumamoto.gif,https://www2s.biglobe.ne.jp/~t_aoyagi/railway/free/kyusyu.htm,
九州,2026-05-26,熊本市交通局 / 熊本電鉄 / 産交バス / 熊本都市バス,わくわく1dayパス24時間乗車券,発売中,わくわく１dayパス24時間乗車券,熊本市交通局 熊本電鉄 産交バス 熊本都市バス / my route,熊本市交通局 TEL:096-361-5233 / 熊本電鉄 TEL:096-343-2552 / 産交バス TEL096-325-0100 / 熊本都市バス TEL:096-312-5077,わくわく１dayパス24時間乗車券,,,"区間指定① 大人：800円／小人：---円 / 区間指定② 大人：1,000円／小人：---円 / 熊本県内版 大人：2,200円／小人：---円",利用開始後24時間,通年,通年,my route RYDE PASS,,"わくわく１dayパス24時間乗車券 || 関連情報 | 熊本市交通局 熊本電鉄 産交バス 熊本都市バス / my route || 問合わせ | 熊本市交通局 TEL:096-361-5233 / 熊本電鉄 TEL:096-343-2552 / 産交バス TEL096-325-0100 / 熊本都市バス TEL:096-312-5077 || フリー区間 | わくわく１dayパス24時間乗車券 || 制限事項 || ねだん | 区間指定① 大人：800円／小人：---円 / 区間指定② 大人：1,000円／小人：---円 / 熊本県内版 大人：2,200円／小人：---円 || 有効期間 | 利用開始後24時間 || 発売期間 | 通年 || 利用期間 | 通年 || 発売箇所 | my route RYDE PASS",https://www2s.biglobe.ne.jp/~t_aoyagi/railway/free/kumamoto03.htm,http://www.kumamoto-toshibus.co.jp/ticket/index.php | https://pass.ryde-go.com/products#kumamoto | https://top.myroute.fun/ticket/kumamoto#kumamotocity | https://www.kotsu-kumamoto.jp/kihon/pub/detail.aspx?c_id=66&id=1434&pg=1 | https://www.kyusanko.co.jp/sankobus/ticket/wakuwakupass/,https://www2s.biglobe.ne.jp/~t_aoyagi/railway/free/map/kumamoto.gif,https://www2s.biglobe.ne.jp/~t_aoyagi/railway/free/kyusyu.htm,
九州,2026-05-26,熊本市交通局 / 熊本電鉄 / 産交バス / 熊本都市バス,キッズパス 【小学生限定】,終了,キッズパス,熊本市交通局 熊本電鉄 産交バス 熊本都市バス,熊本市交通局 TEL:096-361-5233 / 熊本電鉄 TEL:096-343-2552 / 産交バス TEL096-325-0100 / 熊本都市バス TEL:096-312-5077,Kidsパス,,"小学生及び未就学児のみ申込書必要顔写真、年齢を証明する公的証明書が必要高速バス,特急バス,快速バス,九州横断バス,空港リムジンバス,阿蘇山上線及びその他各社が指定したバス・電車は利用できない","小人：1,000円",利用期間内全日,2025年7月4日～2025年8月31日,2025年7月18日～2025年8月31日,"熊本市交通局交通局総務課営業推進室 熊本電鉄熊本電鉄バス本社,辻久保総合営業所 / 北熊本駅,藤崎宮前駅,堀川駅 産交バスサクラマチバス案内所,本渡バスセンター,各営業所 熊本バス熊本中央営業所,城南営業所,甲佐営業所 熊本都市バス本山営業所,上熊本営業所,小峯営業所",,"キッズパス || 関連情報 | 熊本市交通局 熊本電鉄 産交バス 熊本都市バス || 問合わせ | 熊本市交通局 TEL:096-361-5233 / 熊本電鉄 TEL:096-343-2552 / 産交バス TEL096-325-0100 / 熊本都市バス TEL:096-312-5077 || フリー区間 | Kidsパス || 制限事項 | 小学生及び未就学児のみ申込書必要顔写真、年齢を証明する公的証明書が必要高速バス,特急バス,快速バス,九州横断バス,空港リムジンバス,阿蘇山上線及びその他各社が指定したバス・電車は利用できない || ねだん | 小人：1,000円 || 有効期間 | 利用期間内全日 || 発売期間 | 2025年7月4日～2025年8月31日 || 利用期間 | 2025年7月18日～2025年8月31日 || 発売箇所 | 熊本市交通局交通局総務課営業推進室 熊本電鉄熊本電鉄バス本社,辻久保総合営業所 / 北熊本駅,藤崎宮前駅,堀川駅 産交バスサクラマチバス案内所,本渡バスセンター,各営業所 熊本バス熊本中央営業所,城南営業所,甲佐営業所 熊本都市バス本山営業所,上熊本営業所,小峯営業所",https://www2s.biglobe.ne.jp/~t_aoyagi/railway/free/kumamoto91.htm,https://www.kotsu-kumamoto.jp/kihon/pub/detail.aspx?c_id=3&type=top&id=1622 | https://www.kumamotodentetsu.co.jp/news/202506202358.html | https://www.sankobus.jp/news/20250718-kidspass/,https://www2s.biglobe.ne.jp/~t_aoyagi/railway/free/map/kumamoto91.gif,https://www2s.biglobe.ne.jp/~t_aoyagi/railway/free/kyusyu.htm,
九州,2026-05-26,熊本市交通局,熊本市電1日乗車券,発売中,熊本市電1日乗車券,熊本市交通局 /,熊本市交通局・営業推進室 TEL:096-361-5233,熊本市電1日乗車券,,,大人：700円／小人：350円,１日間,通年,通年,"市電車内 / 営業推進室窓口,大江営業所 / 上熊本車庫 / 熊本駅総合観光案内所 /",,"熊本市電1日乗車券 || 関連情報 | 熊本市交通局 / || 問合わせ | 熊本市交通局・営業推進室 TEL:096-361-5233 || フリー区間 | 熊本市電1日乗車券 || 制限事項 || ねだん | 大人：700円／小人：350円 || 有効期間 | １日間 || 発売期間 | 通年 || 利用期間 | 通年 || 発売箇所 | 市電車内 / 営業推進室窓口,大江営業所 / 上熊本車庫 / 熊本駅総合観光案内所 /",https://www2s.biglobe.ne.jp/~t_aoyagi/railway/free/kumamotoshi01.htm,http://www.kotsu-kumamoto.jp/kihon/pub/detail.aspx?c_id=66&id=1433&pg=1 | https://www2s.biglobe.ne.jp/~t_aoyagi/railway/free/kumamotoshi03.htm,https://www2s.biglobe.ne.jp/~t_aoyagi/railway/free/map/kumamotoshi.gif,https://www2s.biglobe.ne.jp/~t_aoyagi/railway/free/kyusyu.htm,
九州,2026-05-26,熊本市交通局,熊本市電1日乗車券,発売中,熊本市電1日乗車券 / 【スマートフォン】,熊本市交通局 / ジョルダンモバイルチケット my route QUICK TRIP,熊本市交通局・営業推進室 TEL:096-361-5233,熊本市電1日乗車券,,,大人：500円／小人：250円,１日間,通年,通年,ジョルダンモバイルチケット my route QUICK TRIP,,熊本市電1日乗車券 / 【スマートフォン】 || 関連情報 | 熊本市交通局 / ジョルダンモバイルチケット my route QUICK TRIP || 問合わせ | 熊本市交通局・営業推進室 TEL:096-361-5233 || フリー区間 | 熊本市電1日乗車券 || 制限事項 || ねだん | 大人：500円／小人：250円 || 有効期間 | １日間 || 発売期間 | 通年 || 利用期間 | 通年 || 発売箇所 | ジョルダンモバイルチケット my route QUICK TRIP,https://www2s.biglobe.ne.jp/~t_aoyagi/railway/free/kumamotoshi03.htm,http://www.kotsu-kumamoto.jp/kihon/pub/detail.aspx?c_id=66&id=1433&pg=1 | https://ticket-kumamoto.quicktrip.jp/buy/ticket?salesTicketId=1911 | https://ticket.jorudan.co.jp/kumamoto/city/ja/ | https://top.myroute.fun/ticket/kumamoto#kumamotocity,https://www2s.biglobe.ne.jp/~t_aoyagi/railway/free/map/kumamotoshi.gif,https://www2s.biglobe.ne.jp/~t_aoyagi/railway/free/kyusyu.htm,
九州,2026-05-26,熊本市交通局,熊本市電24時間乗車券,発売中,熊本市電24時間乗車券,熊本市交通局 / ジョルダンモバイルチケット my route QUICK TRIP,熊本市交通局・営業推進室 TEL:096-361-5233,熊本市電24時間乗車券,,,大人：600円／小人：300円,１日間,通年,通年,ジョルダンモバイルチケット my route QUICK TRIP,,熊本市電24時間乗車券 || 関連情報 | 熊本市交通局 / ジョルダンモバイルチケット my route QUICK TRIP || 問合わせ | 熊本市交通局・営業推進室 TEL:096-361-5233 || フリー区間 | 熊本市電24時間乗車券 || 制限事項 || ねだん | 大人：600円／小人：300円 || 有効期間 | １日間 || 発売期間 | 通年 || 利用期間 | 通年 || 発売箇所 | ジョルダンモバイルチケット my route QUICK TRIP,https://www2s.biglobe.ne.jp/~t_aoyagi/railway/free/kumamotoshi02.htm,http://www.kotsu-kumamoto.jp/kihon/pub/detail.aspx?c_id=66&id=1434&pg=1 | https://ticket-kumamoto.quicktrip.jp/buy/ticket?salesTicketId=1914 | https://ticket.jorudan.co.jp/kumamoto/city/ja/ | https://top.myroute.fun/ticket/kumamoto#kumamotocity,https://www2s.biglobe.ne.jp/~t_aoyagi/railway/free/map/kumamotoshi.gif,https://www2s.biglobe.ne.jp/~t_aoyagi/railway/free/kyusyu.htm,
九州,2026-05-26,熊本電鉄,1CHANCE FESTIVAL 1日乗車券,終了,1CHANCE FESTIVAL 1日乗車券,熊本電気鉄道,熊本電鉄北熊本駅 TEL:096-343-2552,,,,大人：900円,1日間,2024年7月5日～2024年8月24日,2024年8月24日～2024年8月25日,ローソンチケット,,1CHANCE FESTIVAL 1日乗車券 || 関連情報 | 熊本電気鉄道 || 問合わせ | 熊本電鉄北熊本駅 TEL:096-343-2552 || フリー区間 || 制限事項 || ねだん | 大人：900円 || 有効期間 | 1日間 || 発売期間 | 2024年7月5日～2024年8月24日 || 利用期間 | 2024年8月24日～2024年8月25日 || 発売箇所 | ローソンチケット,https://www2s.biglobe.ne.jp/~t_aoyagi/railway/free/kumaden93.htm,https://l-tike.com/search/?lcd=82153 | https://www.kumamotodentetsu.co.jp/1chancefes2024/,https://www2s.biglobe.ne.jp/~t_aoyagi/railway/free/map/kumaden.gif,https://www2s.biglobe.ne.jp/~t_aoyagi/railway/free/kyusyu.htm,
九州,2026-05-26,南阿蘇鉄道,１日フリーキップ,発売中,１日フリーキップ,南阿蘇鉄道,南阿蘇鉄道・高森駅 TEL:0967-62-0058,１日フリーキップ,,トロッコ列車乗車の場合、別途一乗車800円が必要,"大人：1,200円",１日,通年,通年,"高森駅,車内",,"１日フリーキップ || 関連情報 | 南阿蘇鉄道 || 問合わせ | 南阿蘇鉄道・高森駅 TEL:0967-62-0058 || フリー区間 | １日フリーキップ || 制限事項 | トロッコ列車乗車の場合、別途一乗車800円が必要 || ねだん | 大人：1,200円 || 有効期間 | １日 || 発売期間 | 通年 || 利用期間 | 通年 || 発売箇所 | 高森駅,車内",https://www2s.biglobe.ne.jp/~t_aoyagi/railway/free/minamiaso01.htm,https://www.mt-torokko.com/information/fare/,https://www2s.biglobe.ne.jp/~t_aoyagi/railway/free/map/minamiaso.gif,https://www2s.biglobe.ne.jp/~t_aoyagi/railway/free/kyusyu.htm,
九州,2026-05-26,南阿蘇鉄道,南阿蘇鉄道24時間フリー乗車券,発売中,南阿蘇鉄道24時間フリー乗車券,南阿蘇鉄道 my route,南阿蘇鉄道 TEL:0967-62-0058 / 九州MaaS協議会事務局 TEL:092-791-4268,南阿蘇鉄道24時間フリー乗車券,,"トロッコ列車,ワンピースサニー号は別途座席指定料金が必要","大人：1,200円",利用開始後24時間,通年,通年,my route,,"南阿蘇鉄道24時間フリー乗車券 || 関連情報 | 南阿蘇鉄道 my route || 問合わせ | 南阿蘇鉄道 TEL:0967-62-0058 / 九州MaaS協議会事務局 TEL:092-791-4268 || フリー区間 | 南阿蘇鉄道24時間フリー乗車券 || 制限事項 | トロッコ列車,ワンピースサニー号は別途座席指定料金が必要 || ねだん | 大人：1,200円 || 有効期間 | 利用開始後24時間 || 発売期間 | 通年 || 利用期間 | 通年 || 発売箇所 | my route",https://www2s.biglobe.ne.jp/~t_aoyagi/railway/free/minamiaso03.htm,https://top.myroute.fun/ticket/kumamoto#asoarea | https://www.mt-torokko.com/information/fare/,https://www2s.biglobe.ne.jp/~t_aoyagi/railway/free/map/minamiaso.gif,https://www2s.biglobe.ne.jp/~t_aoyagi/railway/free/kyusyu.htm,
九州,2026-05-26,南阿蘇鉄道,みなみあそ旅のレールバス,発売中,みなみあそ旅のレールバス,南阿蘇鉄道 九州MasS 九州産交,南阿蘇鉄道・高森駅 TEL:0967-62-0058,みなみあそ旅のレールバス,,特急列車、トロッコ列車乗車の場合、別途料金が必要,"大人：2,000円",利用開始後24時間,発売中,発売中,my route,,"みなみあそ旅のレールバス || 関連情報 | 南阿蘇鉄道 九州MasS 九州産交 || 問合わせ | 南阿蘇鉄道・高森駅 TEL:0967-62-0058 || フリー区間 | みなみあそ旅のレールバス || 制限事項 | 特急列車、トロッコ列車乗車の場合、別途料金が必要 || ねだん | 大人：2,000円 || 有効期間 | 利用開始後24時間 || 発売期間 | 発売中 || 利用期間 | 発売中 || 発売箇所 | my route",https://www2s.biglobe.ne.jp/~t_aoyagi/railway/free/minamiaso11.htm,https://kyushu-maas.jp/ticket/283 | https://sankobus.artpro.co.jp/?utm_source=minamiasorail&utm_medium=Referral | https://top.myroute.fun/ticket/kumamoto#asoarea | https://www.mt-torokko.com/information/fare/,https://www2s.biglobe.ne.jp/~t_aoyagi/railway/free/map/minamiaso11.gif,https://www2s.biglobe.ne.jp/~t_aoyagi/railway/free/kyusyu.htm,
九州,2026-05-26,南阿蘇鉄道,あそ旅のレールバス,発売中,あそ旅のレールバス,南阿蘇鉄道 九州MasS 九州産交,南阿蘇鉄道・高森駅 TEL:0967-62-0058,あそ旅のレールバス,,特急列車、トロッコ列車乗車の場合、別途料金が必要,"大人：3,200円",利用開始後24時間,発売中,発売中,my route,,"あそ旅のレールバス || 関連情報 | 南阿蘇鉄道 九州MasS 九州産交 || 問合わせ | 南阿蘇鉄道・高森駅 TEL:0967-62-0058 || フリー区間 | あそ旅のレールバス || 制限事項 | 特急列車、トロッコ列車乗車の場合、別途料金が必要 || ねだん | 大人：3,200円 || 有効期間 | 利用開始後24時間 || 発売期間 | 発売中 || 利用期間 | 発売中 || 発売箇所 | my route",https://www2s.biglobe.ne.jp/~t_aoyagi/railway/free/minamiaso12.htm,https://kyushu-maas.jp/ticket/281 | https://sankobus.artpro.co.jp/?utm_source=minamiasorail&utm_medium=Referral | https://top.myroute.fun/ticket/kumamoto#asoarea | https://www.mt-torokko.com/information/fare/,https://www2s.biglobe.ne.jp/~t_aoyagi/railway/free/map/minamiaso12.gif,https://www2s.biglobe.ne.jp/~t_aoyagi/railway/free/kyusyu.htm,
九州,2026-05-26,くまがわ鉄道,人吉球磨どこでもキップ,発売中,人吉球磨どこでもキップ,くまがわ鉄道,くまがわ鉄道・ 企画営業課 TEL:0966-23-5011 / 産交バス人吉営業所 TEL:0966-22-5205,人吉球磨どこでもキップ,,,"大人：2,000円／小人：1,000円",1日間,通年(利用日の10日前から発売),通年,"くまがわ鉄道：人吉温泉,あさぎり / 産交バス：人吉営業所,人吉ICバス車内(じゅぐりっと号)",,"人吉球磨どこでもキップ || 関連情報 | くまがわ鉄道 || 問合わせ | くまがわ鉄道・ 企画営業課 TEL:0966-23-5011 / 産交バス人吉営業所 TEL:0966-22-5205 || フリー区間 | 人吉球磨どこでもキップ || 制限事項 || ねだん | 大人：2,000円／小人：1,000円 || 有効期間 | 1日間 || 発売期間 | 通年(利用日の10日前から発売) || 利用期間 | 通年 || 発売箇所 | くまがわ鉄道：人吉温泉,あさぎり / 産交バス：人吉営業所,人吉ICバス車内(じゅぐりっと号)",https://www2s.biglobe.ne.jp/~t_aoyagi/railway/free/kumagawa95.htm,https://kumagawa-rail.com/sankobus-kumatetsu/#toc_id_1,https://www2s.biglobe.ne.jp/~t_aoyagi/railway/free/map/kumagawa95.gif,https://www2s.biglobe.ne.jp/~t_aoyagi/railway/free/kyusyu.htm,
九州,2026-05-26,くまがわ鉄道,くま川鉄道一日乗車券(代行バス込み),発売中,くま川鉄道一日乗車券(代行バス込み),くまがわ鉄道,くまがわ鉄道 TEL:0966-23-5011,くま川鉄道一日乗車券(代行バス込み),,日曜・祝日は代行バス運休,"大人：1,200円 小人：600円",発売当日限り,平日・土曜日,平日・土曜日,各駅券売機,,"くま川鉄道一日乗車券(代行バス込み) || 関連情報 | くまがわ鉄道 || 問合わせ | くまがわ鉄道 TEL:0966-23-5011 || フリー区間 | くま川鉄道一日乗車券(代行バス込み) || 制限事項 | 日曜・祝日は代行バス運休 || ねだん | 大人：1,200円 小人：600円 || 有効期間 | 発売当日限り || 発売期間 | 平日・土曜日 || 利用期間 | 平日・土曜日 || 発売箇所 | 各駅券売機",https://www2s.biglobe.ne.jp/~t_aoyagi/railway/free/kumagawa11.htm,https://kumagawa-rail.com/time-fare/#toc_id_9_1,https://www2s.biglobe.ne.jp/~t_aoyagi/railway/free/map/kumagawa11.gif,https://www2s.biglobe.ne.jp/~t_aoyagi/railway/free/kyusyu.htm,
九州,2026-05-26,くまがわ鉄道,くま川鉄道一日乗車券(鉄道のみ),発売中,くま川鉄道一日乗車券(鉄道のみ),くまがわ鉄道,くまがわ鉄道 TEL:0966-23-5011,くま川鉄道一日乗車券(鉄道のみ),,,大人：900円 小人：450円,発売当日限り,通年,通年,"人吉温泉,あさぎり,湯前",,"くま川鉄道一日乗車券(鉄道のみ) || 関連情報 | くまがわ鉄道 || 問合わせ | くまがわ鉄道 TEL:0966-23-5011 || フリー区間 | くま川鉄道一日乗車券(鉄道のみ) || 制限事項 || ねだん | 大人：900円 小人：450円 || 有効期間 | 発売当日限り || 発売期間 | 通年 || 利用期間 | 通年 || 発売箇所 | 人吉温泉,あさぎり,湯前",https://www2s.biglobe.ne.jp/~t_aoyagi/railway/free/kumagawa84.htm,https://kumagawa-rail.com/time-fare/#toc_id_9_1,https://www2s.biglobe.ne.jp/~t_aoyagi/railway/free/gazou/kumagawa84.jpg | https://www2s.biglobe.ne.jp/~t_aoyagi/railway/free/map/kumagawa84.gif,https://www2s.biglobe.ne.jp/~t_aoyagi/railway/free/kyusyu.htm,
九州,2026-05-26,くまがわ鉄道,夏目友人帳祈念乗車券,2025/8/8 / ～2026/3/31,夏目友人帳祈念乗車券,くまがわ鉄道,くまがわ鉄道 TEL:0966-23-5011,夏目友人帳祈念乗車券,,日曜・祝日は代行バス運休につき使用できない。,"大人：1,200円",1日間,2025年8月8日～2026年3月31日,2025年8月8日～2026年3月31日,"人吉温泉,あさぎり / くま鉄オンラインショップYahoo！店 / 郵送：詳細はこちら",,"夏目友人帳祈念乗車券 || 関連情報 | くまがわ鉄道 || 問合わせ | くまがわ鉄道 TEL:0966-23-5011 || フリー区間 | 夏目友人帳祈念乗車券 || 制限事項 | 日曜・祝日は代行バス運休につき使用できない。 || ねだん | 大人：1,200円 || 有効期間 | 1日間 || 発売期間 | 2025年8月8日～2026年3月31日 || 利用期間 | 2025年8月8日～2026年3月31日 || 発売箇所 | 人吉温泉,あさぎり / くま鉄オンラインショップYahoo！店 / 郵送：詳細はこちら",https://www2s.biglobe.ne.jp/~t_aoyagi/railway/free/kumagawa93.htm,https://kumagawa-rail.com/2025/08/01/4207/ | https://store.shopping.yahoo.co.jp/kumagawa-rail/,https://www2s.biglobe.ne.jp/~t_aoyagi/railway/free/map/kumagawa11.gif,https://www2s.biglobe.ne.jp/~t_aoyagi/railway/free/kyusyu.htm,
九州,2026-05-26,くまがわ鉄道,ワンコイン1day乗車券,終了,ワンコイン1day乗車券,くまがわ鉄道,くまがわ鉄道・ 企画営業課 TEL:0966-23-5011,ワンコイン1day乗車券,,,大人：500円／小人：100円,1日間,2024年5月1日～2024年5月5日,2024年5月5日,"人吉温泉,あさぎり",,"ワンコイン1day乗車券 || 関連情報 | くまがわ鉄道 || 問合わせ | くまがわ鉄道・ 企画営業課 TEL:0966-23-5011 || フリー区間 | ワンコイン1day乗車券 || 制限事項 || ねだん | 大人：500円／小人：100円 || 有効期間 | 1日間 || 発売期間 | 2024年5月1日～2024年5月5日 || 利用期間 | 2024年5月5日 || 発売箇所 | 人吉温泉,あさぎり",https://www2s.biglobe.ne.jp/~t_aoyagi/railway/free/kumagawa94.htm,https://kumagawa-rail.com/2024/04/12/3139/,https://www2s.biglobe.ne.jp/~t_aoyagi/railway/free/map/kumagawa11.gif,https://www2s.biglobe.ne.jp/~t_aoyagi/railway/free/kyusyu.htm,
九州,2026-05-26,肥薩おれんじ鉄道,おれんじ1日フリー切符,発売中,おれんじ1日フリー切符,肥薩おれんじ鉄道 RYDE PASS(ライドパス) ジョルダンモバイルチケット,肥薩おれんじ鉄道 TEL:0996-63-6860,肥薩おれんじ鉄道,,,"大人：3,000円 小人：1,500円 / 65歳以上：1,500円",１日,通年,通年,"八代,日奈久温泉,肥後田浦,佐敷,水俣,出水,西出水,野田郷,阿久根,川内の窓口の営業時間内,車内 / 八代,佐敷,水俣,出水,阿久根,川内の券売機 / RYDE PASS(ライドパス) ジョルダンモバイルチケット /",,"おれんじ1日フリー切符 || 関連情報 | 肥薩おれんじ鉄道 RYDE PASS(ライドパス) ジョルダンモバイルチケット || 問合わせ | 肥薩おれんじ鉄道 TEL:0996-63-6860 || フリー区間 | 肥薩おれんじ鉄道 || 制限事項 || ねだん | 大人：3,000円 小人：1,500円 / 65歳以上：1,500円 || 有効期間 | １日 || 発売期間 | 通年 || 利用期間 | 通年 || 発売箇所 | 八代,日奈久温泉,肥後田浦,佐敷,水俣,出水,西出水,野田郷,阿久根,川内の窓口の営業時間内,車内 / 八代,佐敷,水俣,出水,阿久根,川内の券売機 / RYDE PASS(ライドパス) ジョルダンモバイルチケット /",https://www2s.biglobe.ne.jp/~t_aoyagi/railway/free/orange02.htm,https://pass.ryde-go.com/products/KVM3LPZS7W8P | https://ticket.jorudan.co.jp/hs-orange/ja/ | https://www.hs-orange.com/page966.html,https://www2s.biglobe.ne.jp/~t_aoyagi/railway/free/gazou/orenge02.jpg | https://www2s.biglobe.ne.jp/~t_aoyagi/railway/free/map/orange.gif,https://www2s.biglobe.ne.jp/~t_aoyagi/railway/free/kyusyu.htm,
九州,2026-05-26,肥薩おれんじ鉄道,NORTH SATSUMA GREAT PASS,発売中,NORTH SATSUMA GREAT PASS,肥薩おれんじ鉄道 南国交通,肥薩おれんじ鉄道 TEL:0996-63-6860,NORTH SATSUMA GREAT PASS,,観光列車「おれんじ食堂」や急行列車、特別急行列車への乗車不可。,"１日券 大人：3,000円／小人：---円 / ３日券 大人：7,000円／小人：---円",１日券：１日間 / ３日券：３日間,通年,通年,my route,,"NORTH SATSUMA GREAT PASS || 関連情報 | 肥薩おれんじ鉄道 南国交通 || 問合わせ | 肥薩おれんじ鉄道 TEL:0996-63-6860 || フリー区間 | NORTH SATSUMA GREAT PASS || 制限事項 | 観光列車「おれんじ食堂」や急行列車、特別急行列車への乗車不可。 || ねだん | １日券 大人：3,000円／小人：---円 / ３日券 大人：7,000円／小人：---円 || 有効期間 | １日券：１日間 / ３日券：３日間 || 発売期間 | 通年 || 利用期間 | 通年 || 発売箇所 | my route",https://www2s.biglobe.ne.jp/~t_aoyagi/railway/free/orange06.htm,https://nangoku-kotsu.com/app_myroute/ | https://top.myroute.fun/ticket/kagoshima#kagoshimakoiki | https://www.hs-orange.com/page952.html?type=new&pg=1&nw_id=1,https://www2s.biglobe.ne.jp/~t_aoyagi/railway/free/map/orange06.gif,https://www2s.biglobe.ne.jp/~t_aoyagi/railway/free/kyusyu.htm,
九州,2026-05-26,肥薩おれんじ鉄道,おれんじ１８フリーきっぷ,終了,おれんじ１８フリーきっぷ,肥薩おれんじ鉄道,肥薩おれんじ鉄道 TEL:0996-63-6860,肥薩おれんじ鉄道,,"当日有効の「青春１８きっぷ」提示の場合に発売 観光列車「おれんじ食堂」,特別急行列車(特急36ぷらす3,ななつ星in九州等)は乗車不可","大人：2,200円",１日,春：2026年3月1日～2026年4月10日 / 夏：2025年7月19日～2025年9月9日 / 冬：2025年12月12日～2026年1月12日 /,春：2026年3月1日～2026年4月10日 / 夏：2025年7月19日～2025年9月9日 / 冬：2025年12月12日～2026年1月12日 /,"八代,出水,川内の窓口の営業時間内 / 列車内",,"おれんじ１８フリーきっぷ || 関連情報 | 肥薩おれんじ鉄道 || 問合わせ | 肥薩おれんじ鉄道 TEL:0996-63-6860 || フリー区間 | 肥薩おれんじ鉄道 || 制限事項 | 当日有効の「青春１８きっぷ」提示の場合に発売 観光列車「おれんじ食堂」,特別急行列車(特急36ぷらす3,ななつ星in九州等)は乗車不可 || ねだん | 大人：2,200円 || 有効期間 | １日 || 発売期間 | 春：2026年3月1日～2026年4月10日 / 夏：2025年7月19日～2025年9月9日 / 冬：2025年12月12日～2026年1月12日 / || 利用期間 | 春：2026年3月1日～2026年4月10日 / 夏：2025年7月19日～2025年9月9日 / 冬：2025年12月12日～2026年1月12日 / || 発売箇所 | 八代,出水,川内の窓口の営業時間内 / 列車内",https://www2s.biglobe.ne.jp/~t_aoyagi/railway/free/orange03.htm,https://www.hs-orange.com/page401.html,https://www2s.biglobe.ne.jp/~t_aoyagi/railway/free/map/orange.gif,https://www2s.biglobe.ne.jp/~t_aoyagi/railway/free/kyusyu.htm,
九州,2026-05-26,鹿児島市交通局,市電・市バス・シティビュー一日乗車券,発売中,市電・市バス・シティビュー一日乗車券,鹿児島市交通局,鹿児島市交通局 TEL:099-257-2111,市電・市バス・シティビュー一日乗車券 /,,民営バスは利用不可,大人：600円／小人：300円,１日,通年,通年,案内所、市電、市バス車内 / ジョルダンモバイルチケット,,市電・市バス・シティビュー一日乗車券 || 関連情報 | 鹿児島市交通局 || 問合わせ | 鹿児島市交通局 TEL:099-257-2111 || フリー区間 | 市電・市バス・シティビュー一日乗車券 / || 制限事項 | 民営バスは利用不可 || ねだん | 大人：600円／小人：300円 || 有効期間 | １日 || 発売期間 | 通年 || 利用期間 | 通年 || 発売箇所 | 案内所、市電、市バス車内 / ジョルダンモバイルチケット,https://www2s.biglobe.ne.jp/~t_aoyagi/railway/free/kagosima01.htm,http://www.kotsu-city-kagoshima.jp/ticket-summary/oneday/#ank2 | https://ticket.jorudan.co.jp/kagoshima/ja/,https://www2s.biglobe.ne.jp/~t_aoyagi/railway/free/gazou/kagosima.jpg | https://www2s.biglobe.ne.jp/~t_aoyagi/railway/free/map/kagoshima.gif,https://www2s.biglobe.ne.jp/~t_aoyagi/railway/free/kyusyu.htm,
九州,2026-05-26,鹿児島市交通局,市電・市バス・シティビュー24時間乗車券,発売中,市電・市バス・シティビュー24時間乗車券,鹿児島市交通局,鹿児島市交通局 TEL:099-257-2111,市電・市バス・シティビュー24時間乗車券 /,,民営バスは利用不可,大人：800円／小人：400円,利用開始時刻から24時間,通年,通年,ジョルダンモバイルチケット,,市電・市バス・シティビュー24時間乗車券 || 関連情報 | 鹿児島市交通局 || 問合わせ | 鹿児島市交通局 TEL:099-257-2111 || フリー区間 | 市電・市バス・シティビュー24時間乗車券 / || 制限事項 | 民営バスは利用不可 || ねだん | 大人：800円／小人：400円 || 有効期間 | 利用開始時刻から24時間 || 発売期間 | 通年 || 利用期間 | 通年 || 発売箇所 | ジョルダンモバイルチケット,https://www2s.biglobe.ne.jp/~t_aoyagi/railway/free/kagosima04.htm,http://www.kotsu-city-kagoshima.jp/ticket-summary/oneday/#ank2 | https://ticket.jorudan.co.jp/kagoshima/ja/,https://www2s.biglobe.ne.jp/~t_aoyagi/railway/free/gazou/kagoshima04.jpg | https://www2s.biglobe.ne.jp/~t_aoyagi/railway/free/map/kagoshima.gif,https://www2s.biglobe.ne.jp/~t_aoyagi/railway/free/kyusyu.htm,
九州,2026-05-26,鹿児島市交通局,鹿児島市営バス・電車・フェリー共通利用券CUTE,発売中,鹿児島市営バス・電車・フェリー共通利用券CUTE,鹿児島市観光サイト,鹿児島市 交通局総務課 営業係 TEL:099-257-2102,キュート /,,,"券種大人小人 １日券1,300円650円 ２日券1,900円950円",１日券：１日間 / ２日券：２日間,通年,通年,鹿児島中央駅総合観光案内所 / 観光交流センター / 鹿児島市維新ふるさと館 / 天まちサロン / 鹿児島港乗船券発売所 / 桜島港船舶局営業課窓口 / 交通局内乗車券発売所 / 市役所前乗車券発売所 / 鹿児島まち歩き観光ステーション / 鹿児島市交通局桜島営業所 / 谷山電停乗車券発売所 / イオン鹿児島鴨池乗車券発売所 / 鹿児島ファンアプリ「わくわく」 my route,,"鹿児島市営バス・電車・フェリー共通利用券CUTE || 関連情報 | 鹿児島市観光サイト || 問合わせ | 鹿児島市 交通局総務課 営業係 TEL:099-257-2102 || フリー区間 | キュート / || 制限事項 || ねだん | 券種大人小人 １日券1,300円650円 ２日券1,900円950円 || 有効期間 | １日券：１日間 / ２日券：２日間 || 発売期間 | 通年 || 利用期間 | 通年 || 発売箇所 | 鹿児島中央駅総合観光案内所 / 観光交流センター / 鹿児島市維新ふるさと館 / 天まちサロン / 鹿児島港乗船券発売所 / 桜島港船舶局営業課窓口 / 交通局内乗車券発売所 / 市役所前乗車券発売所 / 鹿児島まち歩き観光ステーション / 鹿児島市交通局桜島営業所 / 谷山電停乗車券発売所 / イオン鹿児島鴨池乗車券発売所 / 鹿児島ファンアプリ「わくわく」 my route",https://www2s.biglobe.ne.jp/~t_aoyagi/railway/free/kagosima03.htm,https://top.myroute.fun/ticket/kagoshima#kagoshimashinai | https://www.kagoshima-yokanavi.jp/article/app | https://www.kagoshima-yokanavi.jp/article/mobileCUTE-usage,https://www2s.biglobe.ne.jp/~t_aoyagi/railway/free/map/kagoshima02.gif,https://www2s.biglobe.ne.jp/~t_aoyagi/railway/free/kyusyu.htm,
九州,2026-05-26,鹿児島市交通局,市電・市バス・シティビューナイトパス,3/1～4/30 / 7/1～8/31 / 12/1～1/31,市電・市バス・シティビューナイトパス,鹿児島市交通局,鹿児島市交通局 TEL:099-257-2111,市電・市バス・シティビューナイトパス /,,民営バスは利用不可,大人：300円,17時以降,3月1日～4月30日 / 7月1日～8月31日 / 12月1日～1月31日 /,3月1日～4月30日 /,ジョルダンモバイルチケット,,市電・市バス・シティビューナイトパス || 関連情報 | 鹿児島市交通局 || 問合わせ | 鹿児島市交通局 TEL:099-257-2111 || フリー区間 | 市電・市バス・シティビューナイトパス / || 制限事項 | 民営バスは利用不可 || ねだん | 大人：300円 || 有効期間 | 17時以降 || 発売期間 | 3月1日～4月30日 / 7月1日～8月31日 / 12月1日～1月31日 / || 利用期間 | 3月1日～4月30日 / || 発売箇所 | ジョルダンモバイルチケット,https://www2s.biglobe.ne.jp/~t_aoyagi/railway/free/kagosima05.htm,http://www.kotsu-city-kagoshima.jp/ticket-summary/oneday/#ank2 | https://ticket.jorudan.co.jp/kagoshima/ja/,https://www2s.biglobe.ne.jp/~t_aoyagi/railway/free/map/kagoshima.gif,https://www2s.biglobe.ne.jp/~t_aoyagi/railway/free/kyusyu.htm,
九州,2026-05-26,鹿児島市交通局,JR・市電・市バス・シティビュー乗りまわレールきっぷ,2026/3/14 / ～7/31,JR・市電・市バス・シティビュー乗りまわレールきっぷ,九州MaaS,ＪＲ九州 TEL:,JR・市電・市バス・シティビュー乗りまわレールきっぷ,九州新幹線特急・急行快速・普通 グリーン普通車指定普通車自由グリーンDXグリーングリーン個室普通車指定普通車自由ライナー指定自由 ×××▲▲▲▲▲▲▲〇 ○：乗車可 ▲：乗車券のみ有効 ×：乗車不可 /,乗車日の前日までの発売,"大人：1,000円 小人：500円",２日,2026年3月14日～2026年7月31日,2026年3月14日～2026年7月31日,my route,,"JR・市電・市バス・シティビュー乗りまわレールきっぷ || 関連情報 | 九州MaaS || 問合わせ | ＪＲ九州 TEL: || フリー区間 | JR・市電・市バス・シティビュー乗りまわレールきっぷ || 利用可能設備 | 九州新幹線特急・急行快速・普通 グリーン普通車指定普通車自由グリーンDXグリーングリーン個室普通車指定普通車自由ライナー指定自由 ×××▲▲▲▲▲▲▲〇 ○：乗車可 ▲：乗車券のみ有効 ×：乗車不可 / || 制限事項 | 乗車日の前日までの発売 || ねだん | 大人：1,000円 小人：500円 || 有効期間 | ２日 || 発売期間 | 2026年3月14日～2026年7月31日 || 利用期間 | 2026年3月14日～2026年7月31日 || 発売箇所 | my route",https://www2s.biglobe.ne.jp/~t_aoyagi/railway/free/jrkyusyu133.htm,https://kyushu-maas.jp/ticket/1723 | https://ticket.myroute.fun/050700/050701,https://www2s.biglobe.ne.jp/~t_aoyagi/railway/free/map/jrkyusyu133.gif,https://www2s.biglobe.ne.jp/~t_aoyagi/railway/free/kyusyu.htm,
九州,2026-05-26,鹿児島市交通局,鹿児島ユナイテッドFCホームゲーム限定市電１日乗車券,2026/1/30 / ～5/17,鹿児島ユナイテッドFCホームゲーム限定市電１日乗車券,鹿児島市交通局,鹿児島市交通局 TEL:099-257-2111,鹿児島ユナイテッドFCホームゲーム限定市電１日乗車券 /,,バスは利用不可,大人：250円／小人：120円,1日,2026年1月30日～ホームゲーム最終開催日,2026年2月8日～ホームゲーム最終開催日の / 鹿児島ユナイテッドFCホームゲーム開催日 / 詳細は、鹿児島市交通局,ジョルダンモバイルチケット,,鹿児島ユナイテッドFCホームゲーム限定市電１日乗車券 || 関連情報 | 鹿児島市交通局 || 問合わせ | 鹿児島市交通局 TEL:099-257-2111 || フリー区間 | 鹿児島ユナイテッドFCホームゲーム限定市電１日乗車券 / || 制限事項 | バスは利用不可 || ねだん | 大人：250円／小人：120円 || 有効期間 | 1日 || 発売期間 | 2026年1月30日～ホームゲーム最終開催日 || 利用期間 | 2026年2月8日～ホームゲーム最終開催日の / 鹿児島ユナイテッドFCホームゲーム開催日 / 詳細は、鹿児島市交通局 || 発売箇所 | ジョルダンモバイルチケット,https://www2s.biglobe.ne.jp/~t_aoyagi/railway/free/kagosima81.htm,https://ticket.jorudan.co.jp/kagoshima/kufc/ja/ | https://www.kotsu-city-kagoshima.jp/ticket-summary/%e9%b9%bf%e5%85%90%e5%b3%b6%e3%83%a6%e3%83%8a%e3%82%a4%e3%83%86%e3%83%83%e3%83%89fc%e3%83%9b%e3%83%bc%e3%83%a0%e3%82%b2%e3%83%bc%e3%83%a0%e9%99%90%e5%ae%9a%e5%b8%82%e9%9b%bb%e4%b8%80%e6%97%a5-2/,https://www2s.biglobe.ne.jp/~t_aoyagi/railway/free/map/kagoshima81.gif,https://www2s.biglobe.ne.jp/~t_aoyagi/railway/free/kyusyu.htm,
九州,2026-05-26,鹿児島市交通局,夏休みチャレンジパス 【小中学生限定】,終了,夏休みチャレンジパス,鹿児島市交通局,鹿児島市 交通局総務課 営業係 TEL:099-257-2102,鹿児島市交通局 /,,"購入時に身分証明書,顔写真が必要定期観光バスは乗車できません。","中学生：4,000円／小学生：2,000円",有効期間内全日,2025年7月1日～2025年8月20日,2025年7月19日～2025年8月31日,"交通局、市役所前,桜島営業所,谷山電停発売所等",,"夏休みチャレンジパス || 関連情報 | 鹿児島市交通局 || 問合わせ | 鹿児島市 交通局総務課 営業係 TEL:099-257-2102 || フリー区間 | 鹿児島市交通局 / || 制限事項 | 購入時に身分証明書,顔写真が必要定期観光バスは乗車できません。 || ねだん | 中学生：4,000円／小学生：2,000円 || 有効期間 | 有効期間内全日 || 発売期間 | 2025年7月1日～2025年8月20日 || 利用期間 | 2025年7月19日～2025年8月31日 || 発売箇所 | 交通局、市役所前,桜島営業所,谷山電停発売所等",https://www2s.biglobe.ne.jp/~t_aoyagi/railway/free/kagosima02.htm,http://www.kotsu-city-kagoshima.jp/ticket-summary/challenge/,https://www2s.biglobe.ne.jp/~t_aoyagi/railway/free/map/kagoshima.gif,https://www2s.biglobe.ne.jp/~t_aoyagi/railway/free/kyusyu.htm,
九州,2026-05-26,沖縄都市モノレール,一日乗車券/二日乗車券,発売中,一日乗車券/二日乗車券,沖縄都市モノレール,沖縄都市モノレール TEL:098-859-2630,ゆいレール /,,,"一日乗車券 大人：1,000円/小人：500円 / 二日乗車券 大人：1,800円/小人：900円 /",一日乗車券：購入時刻より24時間 / 二日乗車券：購入時刻より48時間,通年,通年,各駅の自動販売機,,"一日乗車券/二日乗車券 || 関連情報 | 沖縄都市モノレール || 問合わせ | 沖縄都市モノレール TEL:098-859-2630 || フリー区間 | ゆいレール / || 制限事項 || ねだん | 一日乗車券 大人：1,000円/小人：500円 / 二日乗車券 大人：1,800円/小人：900円 / || 有効期間 | 一日乗車券：購入時刻より24時間 / 二日乗車券：購入時刻より48時間 || 発売期間 | 通年 || 利用期間 | 通年 || 発売箇所 | 各駅の自動販売機",https://www2s.biglobe.ne.jp/~t_aoyagi/railway/free/yuirail01.htm,https://www.yui-rail.co.jp/ticketinfo-ticket/ticketinfo/1day-pass/,https://www2s.biglobe.ne.jp/~t_aoyagi/railway/free/gazou/yuirail.jpg | https://www2s.biglobe.ne.jp/~t_aoyagi/railway/free/map/yuirail01.gif,https://www2s.biglobe.ne.jp/~t_aoyagi/railway/free/kyusyu.htm,
九州,2026-05-26,沖縄都市モノレール,バスモノパス/那覇バス＆ゆいレール１日共通パスポート,発売中,バスモノパス / 那覇バス＆ゆいレール１日共通パスポート,沖縄都市モノレール 那覇バス,沖縄都市モノレール TEL:098-859-2630,バスモノパス /,,,"大人：1,500円/小人：750円",1日間,通年,通年,"ゆいレール：各駅窓口 / 那覇バス：那覇営業所（那覇バスターミナル内）,新川営業所,石嶺営業所,具志営業所,空港事務所 那覇市観光案内所,沖縄ツーリストOTSツーリストラウンジ / my route",,"バスモノパス / 那覇バス＆ゆいレール１日共通パスポート || 関連情報 | 沖縄都市モノレール 那覇バス || 問合わせ | 沖縄都市モノレール TEL:098-859-2630 || フリー区間 | バスモノパス / || 制限事項 || ねだん | 大人：1,500円/小人：750円 || 有効期間 | 1日間 || 発売期間 | 通年 || 利用期間 | 通年 || 発売箇所 | ゆいレール：各駅窓口 / 那覇バス：那覇営業所（那覇バスターミナル内）,新川営業所,石嶺営業所,具志営業所,空港事務所 那覇市観光案内所,沖縄ツーリストOTSツーリストラウンジ / my route",https://www2s.biglobe.ne.jp/~t_aoyagi/railway/free/yuirail02.htm,https://daiichibus.co.jp/scheduled-bus/service/#discount | https://top.myroute.fun/ticket/okinawa#nahacity | https://www.yui-rail.co.jp/ticketinfo-ticket/ticketinfo/ticket/,https://www2s.biglobe.ne.jp/~t_aoyagi/railway/free/map/yuirail02.gif,https://www2s.biglobe.ne.jp/~t_aoyagi/railway/free/kyusyu.htm,
九州,2026-05-26,沖縄都市モノレール,24時間乗り放題乗車券,発売中,24時間乗り放題乗車券,沖縄都市モノレール / 沖縄MaaS ジョルダンモバイルチケット,沖縄都市モノレール TEL:098-859-2630,24時間乗り放題乗車券 /,,,"大人：1,000円",利用開始時刻より24時間,通年,通年,沖縄MaaS ジョルダンモバイルチケット,,"24時間乗り放題乗車券 || 関連情報 | 沖縄都市モノレール / 沖縄MaaS ジョルダンモバイルチケット || 問合わせ | 沖縄都市モノレール TEL:098-859-2630 || フリー区間 | 24時間乗り放題乗車券 / || 制限事項 || ねだん | 大人：1,000円 || 有効期間 | 利用開始時刻より24時間 || 発売期間 | 通年 || 利用期間 | 通年 || 発売箇所 | 沖縄MaaS ジョルダンモバイルチケット",https://www2s.biglobe.ne.jp/~t_aoyagi/railway/free/yuirail51.htm,https://okinawa.digitalticket.tis-maas.com/userEnv/listSellTickets | https://service.paycierge.com/okinawa-maas/ | https://ticket.jorudan.co.jp/yui-rail/ja/,https://www2s.biglobe.ne.jp/~t_aoyagi/railway/free/map/yuirail01.gif,https://www2s.biglobe.ne.jp/~t_aoyagi/railway/free/kyusyu.htm,
九州,2026-05-26,沖縄都市モノレール,当日乗り放題乗車券,発売中,当日乗り放題乗車券,沖縄都市モノレール / 沖縄MaaS ジョルダンモバイルチケット,沖縄都市モノレール TEL:098-859-2630,当日乗り放題乗車券 /,,,大人 800円 /,利用開始後、当日,通年,通年,沖縄MaaS ジョルダンモバイルチケット,,当日乗り放題乗車券 || 関連情報 | 沖縄都市モノレール / 沖縄MaaS ジョルダンモバイルチケット || 問合わせ | 沖縄都市モノレール TEL:098-859-2630 || フリー区間 | 当日乗り放題乗車券 / || 制限事項 || ねだん | 大人 800円 / || 有効期間 | 利用開始後、当日 || 発売期間 | 通年 || 利用期間 | 通年 || 発売箇所 | 沖縄MaaS ジョルダンモバイルチケット,https://www2s.biglobe.ne.jp/~t_aoyagi/railway/free/yuirail52.htm,https://okinawa.digitalticket.tis-maas.com/ | https://ticket.jorudan.co.jp/yui-rail/ja/,https://www2s.biglobe.ne.jp/~t_aoyagi/railway/free/map/yuirail01.gif,https://www2s.biglobe.ne.jp/~t_aoyagi/railway/free/kyusyu.htm,
九州,2026-05-26,沖縄都市モノレール,48時間乗り放題乗車券,発売中,48時間乗り放題乗車券,沖縄都市モノレール / 沖縄MaaS ジョルダンモバイルチケット,沖縄都市モノレール TEL:098-859-2630,48時間乗り放題乗車券 /,,,"大人：1,800円 /",利用開始後、24時間,通年,通年,沖縄MaaS ジョルダンモバイルチケット,,"48時間乗り放題乗車券 || 関連情報 | 沖縄都市モノレール / 沖縄MaaS ジョルダンモバイルチケット || 問合わせ | 沖縄都市モノレール TEL:098-859-2630 || フリー区間 | 48時間乗り放題乗車券 / || 制限事項 || ねだん | 大人：1,800円 / || 有効期間 | 利用開始後、24時間 || 発売期間 | 通年 || 利用期間 | 通年 || 発売箇所 | 沖縄MaaS ジョルダンモバイルチケット",https://www2s.biglobe.ne.jp/~t_aoyagi/railway/free/yuirail53.htm,https://okinawa.digitalticket.tis-maas.com/userEnv/ticketPurchaseDetail/1182 | https://service.paycierge.com/okinawa-maas/ | https://ticket.jorudan.co.jp/yui-rail/ja/,https://www2s.biglobe.ne.jp/~t_aoyagi/railway/free/map/yuirail01.gif,https://www2s.biglobe.ne.jp/~t_aoyagi/railway/free/kyusyu.htm,
九州,2026-05-26,沖縄都市モノレール,平日オフピーク乗り放題乗車券,発売中,平日オフピーク乗り放題乗車券,沖縄都市モノレール ジョルダンモバイルチケット,沖縄都市モノレール TEL:098-859-2630,平日オフピーク乗り放題乗車券 /,,,大人：600円 /,平日 10:00～16:00,通年(平日),通年(平日),ジョルダンモバイルチケット,,平日オフピーク乗り放題乗車券 || 関連情報 | 沖縄都市モノレール ジョルダンモバイルチケット || 問合わせ | 沖縄都市モノレール TEL:098-859-2630 || フリー区間 | 平日オフピーク乗り放題乗車券 / || 制限事項 || ねだん | 大人：600円 / || 有効期間 | 平日 10:00～16:00 || 発売期間 | 通年(平日) || 利用期間 | 通年(平日) || 発売箇所 | ジョルダンモバイルチケット,https://www2s.biglobe.ne.jp/~t_aoyagi/railway/free/yuirail54.htm,https://ticket.jorudan.co.jp/yui-rail/ja/,https://www2s.biglobe.ne.jp/~t_aoyagi/railway/free/map/yuirail01.gif,https://www2s.biglobe.ne.jp/~t_aoyagi/railway/free/kyusyu.htm,
九州,2026-05-26,沖縄都市モノレール,ゆいレール当日乗り放題乗車券 東京バス(沖縄)1日フリーパスセット券,発売中,ゆいレール当日乗り放題乗車券 / 東京バス(沖縄)1日フリーパスセット券,ジョルダンモバイルチケット,沖縄都市モノレール TEL:098-859-2630,ゆいレール当日乗り放題乗車券 東京バス(沖縄)1日フリーパスセット券 /,,,"大人：1,000円 /",1日間,通年,通年,ジョルダンモバイルチケット,,"ゆいレール当日乗り放題乗車券 / 東京バス(沖縄)1日フリーパスセット券 || 関連情報 | ジョルダンモバイルチケット || 問合わせ | 沖縄都市モノレール TEL:098-859-2630 || フリー区間 | ゆいレール当日乗り放題乗車券 東京バス(沖縄)1日フリーパスセット券 / || 制限事項 || ねだん | 大人：1,000円 / || 有効期間 | 1日間 || 発売期間 | 通年 || 利用期間 | 通年 || 発売箇所 | ジョルダンモバイルチケット",https://www2s.biglobe.ne.jp/~t_aoyagi/railway/free/yuirail55.htm,https://ticket.jorudan.co.jp/yui-rail/ja/,https://www2s.biglobe.ne.jp/~t_aoyagi/railway/free/map/yuirail55.gif,https://www2s.biglobe.ne.jp/~t_aoyagi/railway/free/kyusyu.htm,
